escena;seg;bloque;tipo;clip posible;qué buscar;dónde;licencia / crédito;archivo usado (URL);crédito a poner
001;3;hook;STK;sí;"buscar: ""small plane landing desert runway""";pexels.com/videos / pixabay.com/videos;Licencia Pexels/Pixabay/Unsplash: uso comercial gratis sin atribución (no es dominio público). Personas solo de espaldas, en silueta o no identificables.;;
002;5;hook;COM;;Beechcraft King Air (el mismo modelo de avión) — Beechcraft King Air landing;commons.wikimedia.org → Category:Beechcraft King Air;Licencia libre de Wikimedia Commons: revisar la página del archivo. CC0/PD: libre. CC BY o CC BY-SA: poner autor + licencia en la descripción del video.;;
003;7;hook;GOB;sí;Frontera y garitas (Santa Teresa, El Paso, San Ysidro, Nogales, Calexico) — border fence Santa Teresa / El Paso;flickr.com/photos/cbpphotos (fotos de CBP) / cbp.gov / dvidshub.net;Dominio público (obra del gobierno federal de EE. UU.). Crédito recomendado, no obligatorio. NO usar si la página dice 'courtesy of' o cita a un tercero.;;
004;7;hook;STK;;"buscar: ""small airplane window""";pexels.com / pixabay.com / unsplash.com;Licencia Pexels/Pixabay/Unsplash: uso comercial gratis sin atribución (no es dominio público). Personas solo de espaldas, en silueta o no identificables.;;
005;6;hook;GOB;;Foto de Joaquín Guzmán López;https://www.ice.gov/most-wanted/captured/guzman-lopez-joaquin (y cartel de recompensa 2023 del Departamento de Estado);Dominio público (obra del gobierno federal de EE. UU.). Crédito recomendado, no obligatorio. NO usar si la página dice 'courtesy of' o cita a un tercero.;;
006;4;hook;G-LABS;;Recreación: no existe material libre de este momento;G-Labs (usar el prompt de la escena);Imagen generada por IA;;
007;6;hook;COM;sí;Sierra Madre Occidental / sierra de Sinaloa — Sierra Madre Occidental Sinaloa;commons.wikimedia.org → 'Sierra Madre Occidental', 'Sinaloa' / Pexels (clip de dron);Licencia libre de Wikimedia Commons: revisar la página del archivo. CC0/PD: libre. CC BY o CC BY-SA: poner autor + licencia en la descripción del video.;;
008;5;hook;GOB;;Foto del Mayo del cartel de recompensa (Departamento de Estado / DEA) — cartel completo;"state.gov → Narcotics Rewards Program → 'Ismael Zambada Garcia'; dea.gov (comunicados con cartel de búsqueda)";Dominio público (obra del gobierno federal de EE. UU.). Crédito recomendado, no obligatorio. NO usar si la página dice 'courtesy of' o cita a un tercero.;;
009;4;hook;G-LABS;;Recreación: no existe material libre de este momento;G-Labs (usar el prompt de la escena);Imagen generada por IA;;
010;7;hook;STK;;"buscar: ""old television dark bar""";pexels.com / pixabay.com / unsplash.com;Licencia Pexels/Pixabay/Unsplash: uso comercial gratis sin atribución (no es dominio público). Personas solo de espaldas, en silueta o no identificables.;;
011;5;hook;GOB;;Páginas reales de documentos judiciales (acusaciones, acuerdos de culpabilidad, expedientes) — acuerdo de culpabilidad de Joaquín Guzmán López;"courtlistener.com: EE. UU. contra Guzmán López (Illinois Norte), contra Zambada García (Nueva York Este), contra Zambada Sicairos (California Sur); federalregister.gov para la designación terrorista";Dominio público (obra del gobierno federal de EE. UU.). Crédito recomendado, no obligatorio. NO usar si la página dice 'courtesy of' o cita a un tercero. Los escritos de la fiscalía son obra federal.;;
012;6;hook;STK;;"buscar: ""black hood zip ties""";pexels.com / pixabay.com / unsplash.com;Licencia Pexels/Pixabay/Unsplash: uso comercial gratis sin atribución (no es dominio público). Personas solo de espaldas, en silueta o no identificables.;;
013;2;hook;GOB;;Foto del Mayo del cartel de recompensa (Departamento de Estado / DEA) — acercamiento al rostro;"state.gov → Narcotics Rewards Program → 'Ismael Zambada Garcia'; dea.gov (comunicados con cartel de búsqueda)";Dominio público (obra del gobierno federal de EE. UU.). Crédito recomendado, no obligatorio. NO usar si la página dice 'courtesy of' o cita a un tercero.;;
014;7;hook;G-LABS;;Recreación: no existe material libre de este momento;G-Labs (usar el prompt de la escena);Imagen generada por IA;;
015;4;hook;GOB;;Foto de Joaquín Guzmán López — otro encuadre;https://www.ice.gov/most-wanted/captured/guzman-lopez-joaquin (y cartel de recompensa 2023 del Departamento de Estado);Dominio público (obra del gobierno federal de EE. UU.). Crédito recomendado, no obligatorio. NO usar si la página dice 'courtesy of' o cita a un tercero.;;
016;6;hook;COM;;Culiacán: vistas, calles, catedral, malecón, Palacio de Gobierno, noche — panorámica de la ciudad;https://commons.wikimedia.org/wiki/Category:Culiac%C3%A1n_Rosales;Licencia libre de Wikimedia Commons: revisar la página del archivo. CC0/PD: libre. CC BY o CC BY-SA: poner autor + licencia en la descripción del video.;;
017;7;hook;STK;sí;"buscar: ""smoke street night""";pexels.com/videos / pixabay.com/videos;Licencia Pexels/Pixabay/Unsplash: uso comercial gratis sin atribución (no es dominio público). Personas solo de espaldas, en silueta o no identificables.;;
018;7;hook;GOB;;Ficha de búsqueda y foto del Mayito Flaco — acercamiento al rostro;https://www.dea.gov/fugitives/ismael-zambada-sicairos;Dominio público (obra del gobierno federal de EE. UU.). Crédito recomendado, no obligatorio. NO usar si la página dice 'courtesy of' o cita a un tercero.;;
019;6;hook;STK;;"buscar: ""fallen king chess""";pexels.com / pixabay.com / unsplash.com;Licencia Pexels/Pixabay/Unsplash: uso comercial gratis sin atribución (no es dominio público). Personas solo de espaldas, en silueta o no identificables.;;
020;4;origen;COM;;Fotos de archivo del México rural (años 40-50) — Mexican rural family 1940s;loc.gov (Biblioteca del Congreso, 'no known restrictions') / Commons 'Mexico 1940s';Licencia libre de Wikimedia Commons: revisar la página del archivo. CC0/PD: libre. CC BY o CC BY-SA: poner autor + licencia en la descripción del video. En loc.gov, solo las marcadas 'no known restrictions'.;;
021;4;origen;STK;sí;"buscar: ""drone mountains Mexico Sierra Madre""";pexels.com/videos / pixabay.com/videos;Licencia Pexels/Pixabay/Unsplash: uso comercial gratis sin atribución (no es dominio público). Personas solo de espaldas, en silueta o no identificables.;;
022;7;origen;COM;;Fotos de archivo del México rural (años 40-50) — Mexican village 1940s;loc.gov (Biblioteca del Congreso, 'no known restrictions') / Commons 'Mexico 1940s';Licencia libre de Wikimedia Commons: revisar la página del archivo. CC0/PD: libre. CC BY o CC BY-SA: poner autor + licencia en la descripción del video. En loc.gov, solo las marcadas 'no known restrictions'.;;
023;4;origen;COM;;Fotos de archivo del México rural (años 40-50) — Mexican farmer ox cart 1940s;loc.gov (Biblioteca del Congreso, 'no known restrictions') / Commons 'Mexico 1940s';Licencia libre de Wikimedia Commons: revisar la página del archivo. CC0/PD: libre. CC BY o CC BY-SA: poner autor + licencia en la descripción del video. En loc.gov, solo las marcadas 'no known restrictions'.;;
024;5;origen;STK;;"buscar: ""hands corn cobs""";pexels.com / pixabay.com / unsplash.com;Licencia Pexels/Pixabay/Unsplash: uso comercial gratis sin atribución (no es dominio público). Personas solo de espaldas, en silueta o no identificables.;;
025;5;origen;COM;;Campos de amapola y erradicación (ilustrativo);commons.wikimedia.org → 'Opium poppy field' (muchas de dominio público de fuerzas de EE. UU.);Licencia libre de Wikimedia Commons: revisar la página del archivo. CC0/PD: libre. CC BY o CC BY-SA: poner autor + licencia en la descripción del video.;;
026;6;origen;COM;;Campos de amapola y erradicación (ilustrativo) — campesinos en campo de amapola;commons.wikimedia.org → 'Opium poppy field' (muchas de dominio público de fuerzas de EE. UU.);Licencia libre de Wikimedia Commons: revisar la página del archivo. CC0/PD: libre. CC BY o CC BY-SA: poner autor + licencia en la descripción del video.;;
027;5;origen;STK;;"buscar: ""old newspapers clippings""";pexels.com / pixabay.com / unsplash.com;Licencia Pexels/Pixabay/Unsplash: uso comercial gratis sin atribución (no es dominio público). Personas solo de espaldas, en silueta o no identificables.;;
028;4;origen;G-LABS;;Recreación: no existe material libre de este momento;G-Labs (usar el prompt de la escena);Imagen generada por IA;;
029;5;origen;MAPA;;Mapa o gráfico propio (rutas, territorios, cifras) — rutas del Pacífico años 70;Hacerlo en Canva/PowerPoint/QGIS con base de Natural Earth u OpenStreetMap, estilo oscuro y ámbar;Mapa o gráfico propio. Base: Natural Earth (dominio público) u OpenStreetMap (poner '© colaboradores de OpenStreetMap').;;
030;6;origen;G-LABS;;Recreación: no existe material libre de este momento;G-Labs (usar el prompt de la escena);Imagen generada por IA;;
031;5;origen;GOB;;Fotos históricas de la DEA: avionetas y pistas del narcotráfico de los años 80;dea.gov → DEA Museum / historia de la DEA;Dominio público (obra del gobierno federal de EE. UU.). Crédito recomendado, no obligatorio. NO usar si la página dice 'courtesy of' o cita a un tercero.;;
032;7;origen;G-LABS;;Recreación: no existe material libre de este momento;G-Labs (usar el prompt de la escena);Imagen generada por IA;;
033;2;origen;G-LABS;;Recreación: no existe material libre de este momento;G-Labs (usar el prompt de la escena);Imagen generada por IA;;
034;7;origen;STK;;"buscar: ""old photographs table""";pexels.com / pixabay.com / unsplash.com;Licencia Pexels/Pixabay/Unsplash: uso comercial gratis sin atribución (no es dominio público). Personas solo de espaldas, en silueta o no identificables.;;
035;5;origen;STK;;"buscar: ""newborn baby hospital""";pexels.com / pixabay.com / unsplash.com;Licencia Pexels/Pixabay/Unsplash: uso comercial gratis sin atribución (no es dominio público). Personas solo de espaldas, en silueta o no identificables.;;
036;5;origen;STK;;"buscar: ""old documents birth certificate""";pexels.com / pixabay.com / unsplash.com;Licencia Pexels/Pixabay/Unsplash: uso comercial gratis sin atribución (no es dominio público). Personas solo de espaldas, en silueta o no identificables.;;
037;6;origen;COM;;Culiacán: vistas, calles, catedral, malecón, Palacio de Gobierno, noche — fotos históricas si las hay;https://commons.wikimedia.org/wiki/Category:Culiac%C3%A1n_Rosales;Licencia libre de Wikimedia Commons: revisar la página del archivo. CC0/PD: libre. CC BY o CC BY-SA: poner autor + licencia en la descripción del video.;;
038;6;origen;STK;;"buscar: ""opening case file folder""";pexels.com / pixabay.com / unsplash.com;Licencia Pexels/Pixabay/Unsplash: uso comercial gratis sin atribución (no es dominio público). Personas solo de espaldas, en silueta o no identificables.;;
039;5;origen;COM;;Anaheim, California;commons.wikimedia.org → 'Anaheim, California' / Pexels;Licencia libre de Wikimedia Commons: revisar la página del archivo. CC0/PD: libre. CC BY o CC BY-SA: poner autor + licencia en la descripción del video.;;
040;7;origen;GOB;;Ficha de búsqueda y foto del Mayito Flaco;https://www.dea.gov/fugitives/ismael-zambada-sicairos;Dominio público (obra del gobierno federal de EE. UU.). Crédito recomendado, no obligatorio. NO usar si la página dice 'courtesy of' o cita a un tercero.;;
041;2;origen;STK;;"buscar: ""US passport Mexican passport""";pexels.com / pixabay.com / unsplash.com;Licencia Pexels/Pixabay/Unsplash: uso comercial gratis sin atribución (no es dominio público). Personas solo de espaldas, en silueta o no identificables.;;
042;5;origen;STK;;"buscar: ""form pen counter""";pexels.com / pixabay.com / unsplash.com;Licencia Pexels/Pixabay/Unsplash: uso comercial gratis sin atribución (no es dominio público). Personas solo de espaldas, en silueta o no identificables.;;
043;6;origen;STK;;"buscar: ""man walking away building back view""";pexels.com / pixabay.com / unsplash.com;Licencia Pexels/Pixabay/Unsplash: uso comercial gratis sin atribución (no es dominio público). Personas solo de espaldas, en silueta o no identificables.;;
044;6;origen;STK;;"buscar: ""two men ranch fence back view""";pexels.com / pixabay.com / unsplash.com;Licencia Pexels/Pixabay/Unsplash: uso comercial gratis sin atribución (no es dominio público). Personas solo de espaldas, en silueta o no identificables.;;
045;5;origen;GOB;;Ficha de búsqueda y foto del Mayito Flaco — en pantalla dividida;https://www.dea.gov/fugitives/ismael-zambada-sicairos;Dominio público (obra del gobierno federal de EE. UU.). Crédito recomendado, no obligatorio. NO usar si la página dice 'courtesy of' o cita a un tercero.;;
046;5;origen;STK;sí;"buscar: ""drone ranch mountains""";pexels.com/videos / pixabay.com/videos;Licencia Pexels/Pixabay/Unsplash: uso comercial gratis sin atribución (no es dominio público). Personas solo de espaldas, en silueta o no identificables.;;
047;7;contexto;MAPA;;Mapa o gráfico propio (rutas, territorios, cifras) — Sinaloa y Culiacán;Hacerlo en Canva/PowerPoint/QGIS con base de Natural Earth u OpenStreetMap, estilo oscuro y ámbar;Mapa o gráfico propio. Base: Natural Earth (dominio público) u OpenStreetMap (poner '© colaboradores de OpenStreetMap').;;
048;6;contexto;G-LABS;;Recreación: no existe material libre de este momento;G-Labs (usar el prompt de la escena);Imagen generada por IA;;
049;5;contexto;STK;;"buscar: ""torn paper map""";pexels.com / pixabay.com / unsplash.com;Licencia Pexels/Pixabay/Unsplash: uso comercial gratis sin atribución (no es dominio público). Personas solo de espaldas, en silueta o no identificables.;;
050;3;contexto;G-LABS;;Recreación: no existe material libre de este momento;G-Labs (usar el prompt de la escena);Imagen generada por IA;;
051;5;contexto;MAPA;;Mapa o gráfico propio (rutas, territorios, cifras) — Tijuana, Ciudad Juárez, Sinaloa;Hacerlo en Canva/PowerPoint/QGIS con base de Natural Earth u OpenStreetMap, estilo oscuro y ámbar;Mapa o gráfico propio. Base: Natural Earth (dominio público) u OpenStreetMap (poner '© colaboradores de OpenStreetMap').;;
052;6;contexto;G-LABS;;Recreación: no existe material libre de este momento;G-Labs (usar el prompt de la escena);Imagen generada por IA;;
053;5;contexto;GOB;;Fotos del Chapo difundidas por autoridades de EE. UU. (extradición, enero 2017) — combinar con GOB-MAYO en pantalla dividida;justice.gov / dea.gov, comunicado de la extradición del 19 ene 2017;Dominio público (obra del gobierno federal de EE. UU.). Crédito recomendado, no obligatorio. NO usar si la página dice 'courtesy of' o cita a un tercero.;;
054;7;contexto;STK;;"buscar: ""branding irons""";pexels.com / pixabay.com / unsplash.com;Licencia Pexels/Pixabay/Unsplash: uso comercial gratis sin atribución (no es dominio público). Personas solo de espaldas, en silueta o no identificables.;;
055;6;contexto;MAPA;;Mapa o gráfico propio (rutas, territorios, cifras) — red de grupos en Sinaloa;Hacerlo en Canva/PowerPoint/QGIS con base de Natural Earth u OpenStreetMap, estilo oscuro y ámbar;Mapa o gráfico propio. Base: Natural Earth (dominio público) u OpenStreetMap (poner '© colaboradores de OpenStreetMap').;;
056;2;contexto;STK;;"buscar: ""handshake ledger table""";pexels.com / pixabay.com / unsplash.com;Licencia Pexels/Pixabay/Unsplash: uso comercial gratis sin atribución (no es dominio público). Personas solo de espaldas, en silueta o no identificables.;;
057;6;contexto;STK;;"buscar: ""corkboard red string photos""";pexels.com / pixabay.com / unsplash.com;Licencia Pexels/Pixabay/Unsplash: uso comercial gratis sin atribución (no es dominio público). Personas solo de espaldas, en silueta o no identificables.;;
058;7;contexto;GOB;;Fotos del Chapo difundidas por autoridades de EE. UU. (extradición, enero 2017);justice.gov / dea.gov, comunicado de la extradición del 19 ene 2017;Dominio público (obra del gobierno federal de EE. UU.). Crédito recomendado, no obligatorio. NO usar si la página dice 'courtesy of' o cita a un tercero.;;
059;4;contexto;G-LABS;;Recreación: no existe material libre de este momento;G-Labs (usar el prompt de la escena);Imagen generada por IA;;
060;5;contexto;COM;;Penal de Puente Grande / Altiplano (exterior) — Puente Grande;commons.wikimedia.org → 'Puente Grande', 'Altiplano prison' (si no hay, stock de prisión de noche);Licencia libre de Wikimedia Commons: revisar la página del archivo. CC0/PD: libre. CC BY o CC BY-SA: poner autor + licencia en la descripción del video.;;
061;8;contexto;GOB;;Túnel de narcotráfico con rieles (ilustrativo, no es el túnel del Chapo);cbp.gov / ice.gov comunicados de túneles en San Diego / Nogales;Dominio público (obra del gobierno federal de EE. UU.). Crédito recomendado, no obligatorio. NO usar si la página dice 'courtesy of' o cita a un tercero.;;
062;6;contexto;COM;;Corte federal de Brooklyn (Theodore Roosevelt U.S. Courthouse);commons.wikimedia.org → 'Theodore Roosevelt United States Courthouse';Licencia libre de Wikimedia Commons: revisar la página del archivo. CC0/PD: libre. CC BY o CC BY-SA: poner autor + licencia en la descripción del video.;;
063;6;contexto;GOB;;Prisión ADX Florence, Colorado;bop.gov → Locations → ADX Florence / Wikimedia Commons;Dominio público (obra del gobierno federal de EE. UU.). Crédito recomendado, no obligatorio. NO usar si la página dice 'courtesy of' o cita a un tercero.;;
064;2;contexto;STK;sí;"buscar: ""man walking pine forest""";pexels.com/videos / pixabay.com/videos;Licencia Pexels/Pixabay/Unsplash: uso comercial gratis sin atribución (no es dominio público). Personas solo de espaldas, en silueta o no identificables.;;
065;7;contexto;STK;sí;"buscar: ""pickup truck mountain dirt road""";pexels.com/videos / pixabay.com/videos;Licencia Pexels/Pixabay/Unsplash: uso comercial gratis sin atribución (no es dominio público). Personas solo de espaldas, en silueta o no identificables.;;
066;6;contexto;G-LABS;;Recreación: no existe material libre de este momento;G-Labs (usar el prompt de la escena);Imagen generada por IA;;
067;4;contexto;GOB;;Foto del Mayo del cartel de recompensa (Departamento de Estado / DEA) — otro encuadre;"state.gov → Narcotics Rewards Program → 'Ismael Zambada Garcia'; dea.gov (comunicados con cartel de búsqueda)";Dominio público (obra del gobierno federal de EE. UU.). Crédito recomendado, no obligatorio. NO usar si la página dice 'courtesy of' o cita a un tercero.;;
068;5;contexto;STK;;"buscar: ""chess pieces king pawns""";pexels.com / pixabay.com / unsplash.com;Licencia Pexels/Pixabay/Unsplash: uso comercial gratis sin atribución (no es dominio público). Personas solo de espaldas, en silueta o no identificables.;;
069;5;contexto;GOB;;Cartel de recompensa 2023 con los cuatro Chapitos;state.gov → Narcotics Rewards Program (abril 2023) / ice.gov most wanted;Dominio público (obra del gobierno federal de EE. UU.). Crédito recomendado, no obligatorio. NO usar si la página dice 'courtesy of' o cita a un tercero.;;
070;6;contexto;GOB;;Foto de Iván Archivaldo Guzmán;https://www.ice.gov/most-wanted/guzman-salazar-ivan;Dominio público (obra del gobierno federal de EE. UU.). Crédito recomendado, no obligatorio. NO usar si la página dice 'courtesy of' o cita a un tercero.;;
071;3;contexto;STK;;"buscar: ""old family photo""";pexels.com / pixabay.com / unsplash.com;Licencia Pexels/Pixabay/Unsplash: uso comercial gratis sin atribución (no es dominio público). Personas solo de espaldas, en silueta o no identificables.;;
072;6;contexto;STK;;"buscar: ""pickup trucks night city""";pexels.com / pixabay.com / unsplash.com;Licencia Pexels/Pixabay/Unsplash: uso comercial gratis sin atribución (no es dominio público). Personas solo de espaldas, en silueta o no identificables.;;
073;4;contexto;STK;;"buscar: ""cracked old photograph""";pexels.com / pixabay.com / unsplash.com;Licencia Pexels/Pixabay/Unsplash: uso comercial gratis sin atribución (no es dominio público). Personas solo de espaldas, en silueta o no identificables.;;
074;7;contexto;COM;;Ejército, Marina y Guardia Nacional de México: convoyes, retenes, helicópteros, operativos — operativo nocturno;commons.wikimedia.org → 'Mexican Army', 'Mexican Navy', 'Guardia Nacional (México)' (muchas de Presidencia con CC BY);Verificar licencia: fotos del Gobierno de México o de Commons con origen gubernamental. Si no hay licencia libre clara, usar G-Labs.;;
075;6;contexto;G-LABS;;Recreación: no existe material libre de este momento;G-Labs (usar el prompt de la escena);Imagen generada por IA;;
076;4;contexto;STK;;"buscar: ""memorial candles""";pexels.com / pixabay.com / unsplash.com;Licencia Pexels/Pixabay/Unsplash: uso comercial gratis sin atribución (no es dominio público). Personas solo de espaldas, en silueta o no identificables.;;
077;4;contexto;STK;;"buscar: ""police tape night parking lot""";pexels.com / pixabay.com / unsplash.com;Licencia Pexels/Pixabay/Unsplash: uso comercial gratis sin atribución (no es dominio público). Personas solo de espaldas, en silueta o no identificables.;;
078;6;contexto;COM;;Ejército, Marina y Guardia Nacional de México: convoyes, retenes, helicópteros, operativos — convoy militar;commons.wikimedia.org → 'Mexican Army', 'Mexican Navy', 'Guardia Nacional (México)' (muchas de Presidencia con CC BY);Verificar licencia: fotos del Gobierno de México o de Commons con origen gubernamental. Si no hay licencia libre clara, usar G-Labs.;;
079;3;contexto;STK;;"buscar: ""woman lighting candles""";pexels.com / pixabay.com / unsplash.com;Licencia Pexels/Pixabay/Unsplash: uso comercial gratis sin atribución (no es dominio público). Personas solo de espaldas, en silueta o no identificables.;;
080;5;contexto;STK;;"buscar: ""bullet holes wall""";pexels.com / pixabay.com / unsplash.com;Licencia Pexels/Pixabay/Unsplash: uso comercial gratis sin atribución (no es dominio público). Personas solo de espaldas, en silueta o no identificables.;;
081;5;contexto;G-LABS;;Recreación: no existe material libre de este momento;G-Labs (usar el prompt de la escena);Imagen generada por IA;;
082;6;contexto;GOB;;Laboratorio clandestino desmantelado;dea.gov (comunicados con fotos) / dvidshub.net;Dominio público (obra del gobierno federal de EE. UU.). Crédito recomendado, no obligatorio. NO usar si la página dice 'courtesy of' o cita a un tercero.;;
083;6;contexto;GOB;sí;Pastillas de fentanilo, prensas de pastillas, decomisos;dea.gov (campaña 'One Pill Can Kill' y comunicados) / dvidshub.net;Dominio público (obra del gobierno federal de EE. UU.). Crédito recomendado, no obligatorio. NO usar si la página dice 'courtesy of' o cita a un tercero.;;
084;3;contexto;GOB;;Edificios oficiales: Departamento de Justicia, FBI, Tesoro, DEA, Departamento de Estado, Casa Blanca — Departamento de Justicia;Wikimedia Commons (muchas son de dominio público) / sitios oficiales;Dominio público (obra del gobierno federal de EE. UU.). Crédito recomendado, no obligatorio. NO usar si la página dice 'courtesy of' o cita a un tercero.;;
085;3;ascenso;STK;;"buscar: ""corkboard photos""";pexels.com / pixabay.com / unsplash.com;Licencia Pexels/Pixabay/Unsplash: uso comercial gratis sin atribución (no es dominio público). Personas solo de espaldas, en silueta o no identificables.;;
086;7;ascenso;G-LABS;;Recreación: no existe material libre de este momento;G-Labs (usar el prompt de la escena);Imagen generada por IA;;
087;5;ascenso;G-LABS;;Recreación: no existe material libre de este momento;G-Labs (usar el prompt de la escena);Imagen generada por IA;;
088;2;ascenso;STK;;"buscar: ""interrogation room""";pexels.com / pixabay.com / unsplash.com;Licencia Pexels/Pixabay/Unsplash: uso comercial gratis sin atribución (no es dominio público). Personas solo de espaldas, en silueta o no identificables.;;
089;6;ascenso;COM;;Sala de una corte federal de EE. UU. (vacía);commons.wikimedia.org → 'United States federal courtroom' / uscourts.gov;Licencia libre de Wikimedia Commons: revisar la página del archivo. CC0/PD: libre. CC BY o CC BY-SA: poner autor + licencia en la descripción del video.;;
090;3;ascenso;STK;;"buscar: ""courtroom microphone""";pexels.com / pixabay.com / unsplash.com;Licencia Pexels/Pixabay/Unsplash: uso comercial gratis sin atribución (no es dominio público). Personas solo de espaldas, en silueta o no identificables.;;
091;6;ascenso;GOB;sí;Frontera y garitas (Santa Teresa, El Paso, San Ysidro, Nogales, Calexico) — garita de Nogales;flickr.com/photos/cbpphotos (fotos de CBP) / cbp.gov / dvidshub.net;Dominio público (obra del gobierno federal de EE. UU.). Crédito recomendado, no obligatorio. NO usar si la página dice 'courtesy of' o cita a un tercero.;;
092;5;ascenso;STK;;"buscar: ""prison gate""";pexels.com / pixabay.com / unsplash.com;Licencia Pexels/Pixabay/Unsplash: uso comercial gratis sin atribución (no es dominio público). Personas solo de espaldas, en silueta o no identificables.;;
093;6;ascenso;COM;;Ejército, Marina y Guardia Nacional de México: convoyes, retenes, helicópteros, operativos — detención;commons.wikimedia.org → 'Mexican Army', 'Mexican Navy', 'Guardia Nacional (México)' (muchas de Presidencia con CC BY);Verificar licencia: fotos del Gobierno de México o de Commons con origen gubernamental. Si no hay licencia libre clara, usar G-Labs.;;
094;7;ascenso;COM;;Sala de una corte federal de EE. UU. (vacía) — mesa de la defensa;commons.wikimedia.org → 'United States federal courtroom' / uscourts.gov;Licencia libre de Wikimedia Commons: revisar la página del archivo. CC0/PD: libre. CC BY o CC BY-SA: poner autor + licencia en la descripción del video.;;
095;7;ascenso;STK;;"buscar: ""corkboard crossed photos""";pexels.com / pixabay.com / unsplash.com;Licencia Pexels/Pixabay/Unsplash: uso comercial gratis sin atribución (no es dominio público). Personas solo de espaldas, en silueta o no identificables.;;
096;6;ascenso;STK;;"buscar: ""evidence board""";pexels.com / pixabay.com / unsplash.com;Licencia Pexels/Pixabay/Unsplash: uso comercial gratis sin atribución (no es dominio público). Personas solo de espaldas, en silueta o no identificables.;;
097;4;ascenso;GOB;;Ficha de búsqueda y foto del Mayito Flaco — silueta / oscurecido;https://www.dea.gov/fugitives/ismael-zambada-sicairos;Dominio público (obra del gobierno federal de EE. UU.). Crédito recomendado, no obligatorio. NO usar si la página dice 'courtesy of' o cita a un tercero.;;
098;5;ascenso;COM;;Corte federal de San Diego;commons.wikimedia.org → 'James M. Carter and Judith N. Keep United States Courthouse';Licencia libre de Wikimedia Commons: revisar la página del archivo. CC0/PD: libre. CC BY o CC BY-SA: poner autor + licencia en la descripción del video.;;
099;6;ascenso;GOB;;Páginas reales de documentos judiciales (acusaciones, acuerdos de culpabilidad, expedientes) — acusación del Distrito Sur de California;"courtlistener.com: EE. UU. contra Guzmán López (Illinois Norte), contra Zambada García (Nueva York Este), contra Zambada Sicairos (California Sur); federalregister.gov para la designación terrorista";Dominio público (obra del gobierno federal de EE. UU.). Crédito recomendado, no obligatorio. NO usar si la página dice 'courtesy of' o cita a un tercero. Los escritos de la fiscalía son obra federal.;;
100;4;ascenso;GOB;sí;Decomisos de cocaína y droga, descargas de la Guardia Costera;dvidshub.net → 'Coast Guard cocaine offload' / cbp.gov newsroom;Dominio público (obra del gobierno federal de EE. UU.). Crédito recomendado, no obligatorio. NO usar si la página dice 'courtesy of' o cita a un tercero.;;
101;3;ascenso;GOB;;Ficha de búsqueda y foto del Mayito Flaco — desenfocado, efecto vigilancia;https://www.dea.gov/fugitives/ismael-zambada-sicairos;Dominio público (obra del gobierno federal de EE. UU.). Crédito recomendado, no obligatorio. NO usar si la página dice 'courtesy of' o cita a un tercero.;;
102;5;ascenso;G-LABS;;Recreación: no existe material libre de este momento;G-Labs (usar el prompt de la escena);Imagen generada por IA;;
103;5;ascenso;STK;;"buscar: ""smartphone social media luxury""";pexels.com / pixabay.com / unsplash.com;Licencia Pexels/Pixabay/Unsplash: uso comercial gratis sin atribución (no es dominio público). Personas solo de espaldas, en silueta o no identificables.;;
104;3;ascenso;STK;;"buscar: ""man walking away dark""";pexels.com / pixabay.com / unsplash.com;Licencia Pexels/Pixabay/Unsplash: uso comercial gratis sin atribución (no es dominio público). Personas solo de espaldas, en silueta o no identificables.;;
105;5;ascenso;G-LABS;;Recreación: no existe material libre de este momento;G-Labs (usar el prompt de la escena);Imagen generada por IA;;
106;7;ascenso;GOB;;Ficha de búsqueda y foto del Mayito Flaco — otro encuadre;https://www.dea.gov/fugitives/ismael-zambada-sicairos;Dominio público (obra del gobierno federal de EE. UU.). Crédito recomendado, no obligatorio. NO usar si la página dice 'courtesy of' o cita a un tercero.;;
107;4;ascenso;STK;;"buscar: ""classified documents desk lamp""";pexels.com / pixabay.com / unsplash.com;Licencia Pexels/Pixabay/Unsplash: uso comercial gratis sin atribución (no es dominio público). Personas solo de espaldas, en silueta o no identificables.;;
108;6;ascenso;G-LABS;;Recreación: no existe material libre de este momento;G-Labs (usar el prompt de la escena);Imagen generada por IA;;
109;5;ascenso;STK;sí;"buscar: ""pickup trucks convoy dirt road""";pexels.com/videos / pixabay.com/videos;Licencia Pexels/Pixabay/Unsplash: uso comercial gratis sin atribución (no es dominio público). Personas solo de espaldas, en silueta o no identificables.;;
110;5;ascenso;G-LABS;;Recreación: no existe material libre de este momento;G-Labs (usar el prompt de la escena);Imagen generada por IA;;
111;4;ascenso;STK;;"buscar: ""blank ID card""";pexels.com / pixabay.com / unsplash.com;Licencia Pexels/Pixabay/Unsplash: uso comercial gratis sin atribución (no es dominio público). Personas solo de espaldas, en silueta o no identificables.;;
112;4;ascenso;STK;;"buscar: ""newspapers newsstand""";pexels.com / pixabay.com / unsplash.com;Licencia Pexels/Pixabay/Unsplash: uso comercial gratis sin atribución (no es dominio público). Personas solo de espaldas, en silueta o no identificables.;;
113;6;ascenso;G-LABS;;Recreación: no existe material libre de este momento;G-Labs (usar el prompt de la escena);Imagen generada por IA;;
114;7;ascenso;G-LABS;;Recreación: no existe material libre de este momento;G-Labs (usar el prompt de la escena);Imagen generada por IA;;
115;5;ascenso;G-LABS;;Recreación: no existe material libre de este momento;G-Labs (usar el prompt de la escena);Imagen generada por IA;;
116;7;ascenso;G-LABS;;Recreación: no existe material libre de este momento;G-Labs (usar el prompt de la escena);Imagen generada por IA;;
117;6;ascenso;COM;;Ejército, Marina y Guardia Nacional de México: convoyes, retenes, helicópteros, operativos — helicóptero militar;commons.wikimedia.org → 'Mexican Army', 'Mexican Navy', 'Guardia Nacional (México)' (muchas de Presidencia con CC BY);Verificar licencia: fotos del Gobierno de México o de Commons con origen gubernamental. Si no hay licencia libre clara, usar G-Labs.;;
118;4;ascenso;G-LABS;;Recreación: no existe material libre de este momento;G-Labs (usar el prompt de la escena);Imagen generada por IA;;
119;5;ascenso;GOB;;Foto de Ovidio Guzmán López;Cartel de recompensa 2023 del Departamento de Estado (state.gov, Narcotics Rewards Program);Dominio público (obra del gobierno federal de EE. UU.). Crédito recomendado, no obligatorio. NO usar si la página dice 'courtesy of' o cita a un tercero.;;
120;6;ascenso;GOB;;Conferencia de prensa del Departamento de Justicia (abril 2023, cargos contra los Chapitos);justice.gov (galería de fotos del comunicado) / Commons;Dominio público (obra del gobierno federal de EE. UU.). Crédito recomendado, no obligatorio. NO usar si la página dice 'courtesy of' o cita a un tercero.;;
121;3;ascenso;GOB;;Foto de Iván Archivaldo Guzmán — otro encuadre;https://www.ice.gov/most-wanted/guzman-salazar-ivan;Dominio público (obra del gobierno federal de EE. UU.). Crédito recomendado, no obligatorio. NO usar si la página dice 'courtesy of' o cita a un tercero.;;
122;7;ascenso;STK;;"buscar: ""burner phone table dark""";pexels.com / pixabay.com / unsplash.com;Licencia Pexels/Pixabay/Unsplash: uso comercial gratis sin atribución (no es dominio público). Personas solo de espaldas, en silueta o no identificables.;;
123;6;metodo;STK;;"buscar: ""abandoned ranch house""";pexels.com / pixabay.com / unsplash.com;Licencia Pexels/Pixabay/Unsplash: uso comercial gratis sin atribución (no es dominio público). Personas solo de espaldas, en silueta o no identificables.;;
124;5;metodo;COM;;Sala de una corte federal de EE. UU. (vacía) — estrado de testigos;commons.wikimedia.org → 'United States federal courtroom' / uscourts.gov;Licencia libre de Wikimedia Commons: revisar la página del archivo. CC0/PD: libre. CC BY o CC BY-SA: poner autor + licencia en la descripción del video.;;
125;7;metodo;MAPA;;Mapa o gráfico propio (rutas, territorios, cifras) — los tres pilares;Hacerlo en Canva/PowerPoint/QGIS con base de Natural Earth u OpenStreetMap, estilo oscuro y ámbar;Mapa o gráfico propio. Base: Natural Earth (dominio público) u OpenStreetMap (poner '© colaboradores de OpenStreetMap').;;
126;6;metodo;STK;sí;"buscar: ""drone Culiacán farmland""";pexels.com/videos / pixabay.com/videos;Licencia Pexels/Pixabay/Unsplash: uso comercial gratis sin atribución (no es dominio público). Personas solo de espaldas, en silueta o no identificables.;;
127;5;metodo;MAPA;;Mapa o gráfico propio (rutas, territorios, cifras) — Triángulo Dorado;Hacerlo en Canva/PowerPoint/QGIS con base de Natural Earth u OpenStreetMap, estilo oscuro y ámbar;Mapa o gráfico propio. Base: Natural Earth (dominio público) u OpenStreetMap (poner '© colaboradores de OpenStreetMap').;;
128;7;metodo;STK;;"buscar: ""dirt airstrip mountains""";pexels.com / pixabay.com / unsplash.com;Licencia Pexels/Pixabay/Unsplash: uso comercial gratis sin atribución (no es dominio público). Personas solo de espaldas, en silueta o no identificables.;;
129;3;metodo;STK;;"buscar: ""man binoculars mountain silhouette""";pexels.com / pixabay.com / unsplash.com;Licencia Pexels/Pixabay/Unsplash: uso comercial gratis sin atribución (no es dominio público). Personas solo de espaldas, en silueta o no identificables.;;
130;5;metodo;STK;;"buscar: ""two-way radio""";pexels.com / pixabay.com / unsplash.com;Licencia Pexels/Pixabay/Unsplash: uso comercial gratis sin atribución (no es dominio público). Personas solo de espaldas, en silueta o no identificables.;;
131;2;metodo;STK;;"buscar: ""truck logbook dashboard""";pexels.com / pixabay.com / unsplash.com;Licencia Pexels/Pixabay/Unsplash: uso comercial gratis sin atribución (no es dominio público). Personas solo de espaldas, en silueta o no identificables.;;
132;7;metodo;GOB;sí;Decomisos de cocaína y droga, descargas de la Guardia Costera — abordaje de la Guardia Costera;dvidshub.net → 'Coast Guard cocaine offload' / cbp.gov newsroom;Dominio público (obra del gobierno federal de EE. UU.). Crédito recomendado, no obligatorio. NO usar si la página dice 'courtesy of' o cita a un tercero.;;
133;6;metodo;STK;sí;"buscar: ""semi truck desert highway""";pexels.com/videos / pixabay.com/videos;Licencia Pexels/Pixabay/Unsplash: uso comercial gratis sin atribución (no es dominio público). Personas solo de espaldas, en silueta o no identificables.;;
134;4;metodo;GOB;;Dinero en efectivo decomisado;dea.gov / cbp.gov newsroom / dvidshub.net → 'currency seizure';Dominio público (obra del gobierno federal de EE. UU.). Crédito recomendado, no obligatorio. NO usar si la página dice 'courtesy of' o cita a un tercero.;;
135;4;metodo;STK;;"buscar: ""office wall charts dim""";pexels.com / pixabay.com / unsplash.com;Licencia Pexels/Pixabay/Unsplash: uso comercial gratis sin atribución (no es dominio público). Personas solo de espaldas, en silueta o no identificables.;;
136;3;metodo;STK;;"buscar: ""envelope cash""";pexels.com / pixabay.com / unsplash.com;Licencia Pexels/Pixabay/Unsplash: uso comercial gratis sin atribución (no es dominio público). Personas solo de espaldas, en silueta o no identificables.;;
137;6;metodo;G-LABS;;Recreación: no existe material libre de este momento;G-Labs (usar el prompt de la escena);Imagen generada por IA;;
138;4;metodo;STK;;"buscar: ""briefcase cash""";pexels.com / pixabay.com / unsplash.com;Licencia Pexels/Pixabay/Unsplash: uso comercial gratis sin atribución (no es dominio público). Personas solo de espaldas, en silueta o no identificables.;;
139;5;metodo;COM;;Corte federal de Brooklyn (Theodore Roosevelt U.S. Courthouse) — de noche;commons.wikimedia.org → 'Theodore Roosevelt United States Courthouse';Licencia libre de Wikimedia Commons: revisar la página del archivo. CC0/PD: libre. CC BY o CC BY-SA: poner autor + licencia en la descripción del video.;;
140;8;metodo;G-LABS;;Recreación: no existe material libre de este momento;G-Labs (usar el prompt de la escena);Imagen generada por IA;;
141;6;metodo;STK;;"buscar: ""men shaking hands dark""";pexels.com / pixabay.com / unsplash.com;Licencia Pexels/Pixabay/Unsplash: uso comercial gratis sin atribución (no es dominio público). Personas solo de espaldas, en silueta o no identificables.;;
142;6;metodo;STK;;"buscar: ""frayed rope""";pexels.com / pixabay.com / unsplash.com;Licencia Pexels/Pixabay/Unsplash: uso comercial gratis sin atribución (no es dominio público). Personas solo de espaldas, en silueta o no identificables.;;
143;5;metodo;GOB;;Edificios oficiales: Departamento de Justicia, FBI, Tesoro, DEA, Departamento de Estado, Casa Blanca — Tesoro;Wikimedia Commons (muchas son de dominio público) / sitios oficiales;Dominio público (obra del gobierno federal de EE. UU.). Crédito recomendado, no obligatorio. NO usar si la página dice 'courtesy of' o cita a un tercero.;;
144;5;metodo;MAPA;;Mapa o gráfico propio (rutas, territorios, cifras) — Sinaloa, Sonora, Baja California;Hacerlo en Canva/PowerPoint/QGIS con base de Natural Earth u OpenStreetMap, estilo oscuro y ámbar;Mapa o gráfico propio. Base: Natural Earth (dominio público) u OpenStreetMap (poner '© colaboradores de OpenStreetMap').;;
145;6;metodo;GOB;;Cartel de recompensa de Juan José Ponce Félix, el Ruso (septiembre 2025);state.gov → Narcotics Rewards Program → 'Ponce Felix';Dominio público (obra del gobierno federal de EE. UU.). Crédito recomendado, no obligatorio. NO usar si la página dice 'courtesy of' o cita a un tercero.;;
146;4;metodo;GOB;sí;Frontera y garitas (Santa Teresa, El Paso, San Ysidro, Nogales, Calexico) — Calexico / Mexicali;flickr.com/photos/cbpphotos (fotos de CBP) / cbp.gov / dvidshub.net;Dominio público (obra del gobierno federal de EE. UU.). Crédito recomendado, no obligatorio. NO usar si la página dice 'courtesy of' o cita a un tercero.;;
147;6;metodo;COM;;Mexicali y su frontera, policía municipal — policía municipal;commons.wikimedia.org → 'Mexicali' / CBP Calexico;Licencia libre de Wikimedia Commons: revisar la página del archivo. CC0/PD: libre. CC BY o CC BY-SA: poner autor + licencia en la descripción del video.;;
148;4;metodo;STK;;"buscar: ""envelope desk drawer""";pexels.com / pixabay.com / unsplash.com;Licencia Pexels/Pixabay/Unsplash: uso comercial gratis sin atribución (no es dominio público). Personas solo de espaldas, en silueta o no identificables.;;
149;5;metodo;STK;;"buscar: ""man phone car night""";pexels.com / pixabay.com / unsplash.com;Licencia Pexels/Pixabay/Unsplash: uso comercial gratis sin atribución (no es dominio público). Personas solo de espaldas, en silueta o no identificables.;;
150;6;metodo;GOB;;Comunicado y gráfico de red de las sanciones del 29 sep 2026 contra los Mayos — comunicado;home.treasury.gov → Press Releases → 'Zambada Sicairos' (el Tesoro publica un gráfico de la red);Dominio público (obra del gobierno federal de EE. UU.). Crédito recomendado, no obligatorio. NO usar si la página dice 'courtesy of' o cita a un tercero.;;
151;6;metodo;STK;;"buscar: ""hands passing envelope""";pexels.com / pixabay.com / unsplash.com;Licencia Pexels/Pixabay/Unsplash: uso comercial gratis sin atribución (no es dominio público). Personas solo de espaldas, en silueta o no identificables.;;
152;6;metodo;G-LABS;;Recreación: no existe material libre de este momento;G-Labs (usar el prompt de la escena);Imagen generada por IA;;
153;2;metodo;GOB;;Comunicado y gráfico de red de las sanciones del 29 sep 2026 contra los Mayos — gráfico de la red;home.treasury.gov → Press Releases → 'Zambada Sicairos' (el Tesoro publica un gráfico de la red);Dominio público (obra del gobierno federal de EE. UU.). Crédito recomendado, no obligatorio. NO usar si la página dice 'courtesy of' o cita a un tercero.;;
154;7;metodo;STK;;"buscar: ""corkboard charts""";pexels.com / pixabay.com / unsplash.com;Licencia Pexels/Pixabay/Unsplash: uso comercial gratis sin atribución (no es dominio público). Personas solo de espaldas, en silueta o no identificables.;;
155;6;metodo;G-LABS;;Recreación: no existe material libre de este momento;G-Labs (usar el prompt de la escena);Imagen generada por IA;;
156;3;metodo;STK;;"buscar: ""old Mexican cowboy portrait""";pexels.com / pixabay.com / unsplash.com;Licencia Pexels/Pixabay/Unsplash: uso comercial gratis sin atribución (no es dominio público). Personas solo de espaldas, en silueta o no identificables.;;
157;4;metodo;G-LABS;;Recreación: no existe material libre de este momento;G-Labs (usar el prompt de la escena);Imagen generada por IA;;
158;6;tension;STK;;"buscar: ""calendar circled date""";pexels.com / pixabay.com / unsplash.com;Licencia Pexels/Pixabay/Unsplash: uso comercial gratis sin atribución (no es dominio público). Personas solo de espaldas, en silueta o no identificables.;;
159;4;tension;COM;;Ejército, Marina y Guardia Nacional de México: convoyes, retenes, helicópteros, operativos — retén;commons.wikimedia.org → 'Mexican Army', 'Mexican Navy', 'Guardia Nacional (México)' (muchas de Presidencia con CC BY);Verificar licencia: fotos del Gobierno de México o de Commons con origen gubernamental. Si no hay licencia libre clara, usar G-Labs.;;
160;3;tension;GOB;;Foto de Ovidio Guzmán López — otro encuadre;Cartel de recompensa 2023 del Departamento de Estado (state.gov, Narcotics Rewards Program);Dominio público (obra del gobierno federal de EE. UU.). Crédito recomendado, no obligatorio. NO usar si la página dice 'courtesy of' o cita a un tercero.;;
161;5;tension;GOB;sí;Pastillas de fentanilo, prensas de pastillas, decomisos — bolsas de evidencia;dea.gov (campaña 'One Pill Can Kill' y comunicados) / dvidshub.net;Dominio público (obra del gobierno federal de EE. UU.). Crédito recomendado, no obligatorio. NO usar si la página dice 'courtesy of' o cita a un tercero.;;
162;6;tension;GOB;;Cartel de recompensa 2023 con los cuatro Chapitos — cartel real 2023;state.gov → Narcotics Rewards Program (abril 2023) / ice.gov most wanted;Dominio público (obra del gobierno federal de EE. UU.). Crédito recomendado, no obligatorio. NO usar si la página dice 'courtesy of' o cita a un tercero.;;
163;3;tension;COM;;Ejército, Marina y Guardia Nacional de México: convoyes, retenes, helicópteros, operativos — Marina con helicóptero;commons.wikimedia.org → 'Mexican Army', 'Mexican Navy', 'Guardia Nacional (México)' (muchas de Presidencia con CC BY);Verificar licencia: fotos del Gobierno de México o de Commons con origen gubernamental. Si no hay licencia libre clara, usar G-Labs.;;
164;5;tension;GOB;;Páginas reales de documentos judiciales (acusaciones, acuerdos de culpabilidad, expedientes) — firma del acuerdo;"courtlistener.com: EE. UU. contra Guzmán López (Illinois Norte), contra Zambada García (Nueva York Este), contra Zambada Sicairos (California Sur); federalregister.gov para la designación terrorista";Dominio público (obra del gobierno federal de EE. UU.). Crédito recomendado, no obligatorio. NO usar si la página dice 'courtesy of' o cita a un tercero. Los escritos de la fiscalía son obra federal.;;
165;5;tension;GOB;;Edificios oficiales: Departamento de Justicia, FBI, Tesoro, DEA, Departamento de Estado, Casa Blanca — FBI;Wikimedia Commons (muchas son de dominio público) / sitios oficiales;Dominio público (obra del gobierno federal de EE. UU.). Crédito recomendado, no obligatorio. NO usar si la página dice 'courtesy of' o cita a un tercero.;;
166;2;tension;STK;;"buscar: ""satellite phone""";pexels.com / pixabay.com / unsplash.com;Licencia Pexels/Pixabay/Unsplash: uso comercial gratis sin atribución (no es dominio público). Personas solo de espaldas, en silueta o no identificables.;;
167;6;tension;GOB;;Foto de Joaquín Guzmán López — oscurecido;https://www.ice.gov/most-wanted/captured/guzman-lopez-joaquin (y cartel de recompensa 2023 del Departamento de Estado);Dominio público (obra del gobierno federal de EE. UU.). Crédito recomendado, no obligatorio. NO usar si la página dice 'courtesy of' o cita a un tercero.;;
168;7;tension;GOB;;Páginas reales de documentos judiciales (acusaciones, acuerdos de culpabilidad, expedientes) — página con tachaduras;"courtlistener.com: EE. UU. contra Guzmán López (Illinois Norte), contra Zambada García (Nueva York Este), contra Zambada Sicairos (California Sur); federalregister.gov para la designación terrorista";Dominio público (obra del gobierno federal de EE. UU.). Crédito recomendado, no obligatorio. NO usar si la página dice 'courtesy of' o cita a un tercero. Los escritos de la fiscalía son obra federal.;;
169;6;tension;MAPA;;Mapa o gráfico propio (rutas, territorios, cifras) — Sinaloa quebrándose;Hacerlo en Canva/PowerPoint/QGIS con base de Natural Earth u OpenStreetMap, estilo oscuro y ámbar;Mapa o gráfico propio. Base: Natural Earth (dominio público) u OpenStreetMap (poner '© colaboradores de OpenStreetMap').;;
170;6;tension;STK;;"buscar: ""rural property gate orchard""";pexels.com / pixabay.com / unsplash.com;Licencia Pexels/Pixabay/Unsplash: uso comercial gratis sin atribución (no es dominio público). Personas solo de espaldas, en silueta o no identificables.;;
171;4;tension;STK;;"buscar: ""documents magnifying glass""";pexels.com / pixabay.com / unsplash.com;Licencia Pexels/Pixabay/Unsplash: uso comercial gratis sin atribución (no es dominio público). Personas solo de espaldas, en silueta o no identificables.;;
172;7;tension;STK;;"buscar: ""handwritten letter""";pexels.com / pixabay.com / unsplash.com;Licencia Pexels/Pixabay/Unsplash: uso comercial gratis sin atribución (no es dominio público). Personas solo de espaldas, en silueta o no identificables.;;
173;7;tension;G-LABS;;Recreación: no existe material libre de este momento;G-Labs (usar el prompt de la escena);Imagen generada por IA;;
174;6;tension;COM;;Retratos de políticos: Rocha Moya, Cuén, García Harfuch, López Obrador, Inzunza, Gámez Mendívil — Rocha Moya;commons.wikimedia.org (buscar cada nombre);Verificar licencia: fotos del Gobierno de México o de Commons con origen gubernamental. Si no hay licencia libre clara, usar G-Labs.;;
175;3;tension;COM;;Retratos de políticos: Rocha Moya, Cuén, García Harfuch, López Obrador, Inzunza, Gámez Mendívil — Cuén;commons.wikimedia.org (buscar cada nombre);Verificar licencia: fotos del Gobierno de México o de Commons con origen gubernamental. Si no hay licencia libre clara, usar G-Labs.;;
176;6;tension;G-LABS;;Recreación: no existe material libre de este momento;G-Labs (usar el prompt de la escena);Imagen generada por IA;;
177;5;tension;G-LABS;;Recreación: no existe material libre de este momento;G-Labs (usar el prompt de la escena);Imagen generada por IA;;
178;6;tension;G-LABS;;Recreación: no existe material libre de este momento;G-Labs (usar el prompt de la escena);Imagen generada por IA;;
179;4;tension;STK;sí;"buscar: ""pickup truck dirt road orchard""";pexels.com/videos / pixabay.com/videos;Licencia Pexels/Pixabay/Unsplash: uso comercial gratis sin atribución (no es dominio público). Personas solo de espaldas, en silueta o no identificables.;;
180;5;tension;STK;sí;"buscar: ""small plane dirt airstrip propeller""";pexels.com/videos / pixabay.com/videos;Licencia Pexels/Pixabay/Unsplash: uso comercial gratis sin atribución (no es dominio público). Personas solo de espaldas, en silueta o no identificables.;;
181;6;tension;GOB;;Foto del Mayo del cartel de recompensa (Departamento de Estado / DEA);"state.gov → Narcotics Rewards Program → 'Ismael Zambada Garcia'; dea.gov (comunicados con cartel de búsqueda)";Dominio público (obra del gobierno federal de EE. UU.). Crédito recomendado, no obligatorio. NO usar si la página dice 'courtesy of' o cita a un tercero.;;
182;7;tension;COM;;Retratos de políticos: Rocha Moya, Cuén, García Harfuch, López Obrador, Inzunza, Gámez Mendívil — Rocha Moya en conferencia;commons.wikimedia.org (buscar cada nombre);Verificar licencia: fotos del Gobierno de México o de Commons con origen gubernamental. Si no hay licencia libre clara, usar G-Labs.;;
183;7;tension;COM;sí;Los Ángeles al atardecer;Pexels/Pixabay → 'Los Angeles skyline dusk' / Commons;Licencia Pexels/Pixabay/Unsplash: uso comercial gratis sin atribución (no es dominio público). Personas solo de espaldas, en silueta o no identificables.;;
184;4;tension;COM;;Corte federal de Chicago (Dirksen Federal Building);commons.wikimedia.org → 'Everett McKinley Dirksen United States Courthouse';Licencia libre de Wikimedia Commons: revisar la página del archivo. CC0/PD: libre. CC BY o CC BY-SA: poner autor + licencia en la descripción del video.;;
185;5;tension;G-LABS;;Recreación: no existe material libre de este momento;G-Labs (usar el prompt de la escena);Imagen generada por IA;;
186;5;tension;GOB;;Páginas reales de documentos judiciales (acusaciones, acuerdos de culpabilidad, expedientes) — párrafo del secuestro;"courtlistener.com: EE. UU. contra Guzmán López (Illinois Norte), contra Zambada García (Nueva York Este), contra Zambada Sicairos (California Sur); federalregister.gov para la designación terrorista";Dominio público (obra del gobierno federal de EE. UU.). Crédito recomendado, no obligatorio. NO usar si la página dice 'courtesy of' o cita a un tercero. Los escritos de la fiscalía son obra federal.;;
187;2;tension;GOB;;Foto de Joaquín Guzmán López;https://www.ice.gov/most-wanted/captured/guzman-lopez-joaquin (y cartel de recompensa 2023 del Departamento de Estado);Dominio público (obra del gobierno federal de EE. UU.). Crédito recomendado, no obligatorio. NO usar si la página dice 'courtesy of' o cita a un tercero.;;
188;6;tension;G-LABS;;Recreación: no existe material libre de este momento;G-Labs (usar el prompt de la escena);Imagen generada por IA;;
189;6;tension;G-LABS;;Recreación: no existe material libre de este momento;G-Labs (usar el prompt de la escena);Imagen generada por IA;;
190;4;tension;G-LABS;;Recreación: no existe material libre de este momento;G-Labs (usar el prompt de la escena);Imagen generada por IA;;
191;5;tension;G-LABS;;Recreación: no existe material libre de este momento;G-Labs (usar el prompt de la escena);Imagen generada por IA;;
192;5;tension;G-LABS;;Recreación: no existe material libre de este momento;G-Labs (usar el prompt de la escena);Imagen generada por IA;;
193;7;tension;STK;;"buscar: ""bear trap""";pexels.com / pixabay.com / unsplash.com;Licencia Pexels/Pixabay/Unsplash: uso comercial gratis sin atribución (no es dominio público). Personas solo de espaldas, en silueta o no identificables.;;
194;6;tension;STK;;"buscar: ""handwritten letter underlined""";pexels.com / pixabay.com / unsplash.com;Licencia Pexels/Pixabay/Unsplash: uso comercial gratis sin atribución (no es dominio público). Personas solo de espaldas, en silueta o no identificables.;;
195;5;tension;STK;;"buscar: ""glass pill bottle""";pexels.com / pixabay.com / unsplash.com;Licencia Pexels/Pixabay/Unsplash: uso comercial gratis sin atribución (no es dominio público). Personas solo de espaldas, en silueta o no identificables.;;
196;3;tension;STK;sí;"buscar: ""small plane flying over mountains""";pexels.com/videos / pixabay.com/videos;Licencia Pexels/Pixabay/Unsplash: uso comercial gratis sin atribución (no es dominio público). Personas solo de espaldas, en silueta o no identificables.;;
197;6;tension;COM;;Aeropuerto Internacional del Condado de Doña Ana, Santa Teresa;commons.wikimedia.org → 'Doña Ana County International Jetport' (si no hay, usar G-Labs);Licencia libre de Wikimedia Commons: revisar la página del archivo. CC0/PD: libre. CC BY o CC BY-SA: poner autor + licencia en la descripción del video.;;
198;2;tension;G-LABS;;Recreación: no existe material libre de este momento;G-Labs (usar el prompt de la escena);Imagen generada por IA;;
199;6;tension;COM;;War Eagles Air Museum en Santa Teresa;commons.wikimedia.org → 'War Eagles Air Museum';Licencia libre de Wikimedia Commons: revisar la página del archivo. CC0/PD: libre. CC BY o CC BY-SA: poner autor + licencia en la descripción del video.;;
200;4;tension;COM;;Culiacán: vistas, calles, catedral, malecón, Palacio de Gobierno, noche — de noche;https://commons.wikimedia.org/wiki/Category:Culiac%C3%A1n_Rosales;Licencia libre de Wikimedia Commons: revisar la página del archivo. CC0/PD: libre. CC BY o CC BY-SA: poner autor + licencia en la descripción del video.;;
201;3;tension;COM;;Retratos de políticos: Rocha Moya, Cuén, García Harfuch, López Obrador, Inzunza, Gámez Mendívil — Cuén;commons.wikimedia.org (buscar cada nombre);Verificar licencia: fotos del Gobierno de México o de Commons con origen gubernamental. Si no hay licencia libre clara, usar G-Labs.;;
202;6;tension;STK;;"buscar: ""gas station night police tape""";pexels.com / pixabay.com / unsplash.com;Licencia Pexels/Pixabay/Unsplash: uso comercial gratis sin atribución (no es dominio público). Personas solo de espaldas, en silueta o no identificables.;;
203;4;tension;COM;;Sede de la Fiscalía General de la República;commons.wikimedia.org → 'Fiscalía General de la República';Licencia libre de Wikimedia Commons: revisar la página del archivo. CC0/PD: libre. CC BY o CC BY-SA: poner autor + licencia en la descripción del video.;;
204;5;tension;G-LABS;;Recreación: no existe material libre de este momento;G-Labs (usar el prompt de la escena);Imagen generada por IA;;
205;6;tension;STK;;"buscar: ""forensic evidence marker""";pexels.com / pixabay.com / unsplash.com;Licencia Pexels/Pixabay/Unsplash: uso comercial gratis sin atribución (no es dominio público). Personas solo de espaldas, en silueta o no identificables.;;
206;6;tension;G-LABS;;Recreación: no existe material libre de este momento;G-Labs (usar el prompt de la escena);Imagen generada por IA;;
207;6;guerras;COM;;Culiacán: vistas, calles, catedral, malecón, Palacio de Gobierno, noche — calle al atardecer;https://commons.wikimedia.org/wiki/Category:Culiac%C3%A1n_Rosales;Licencia libre de Wikimedia Commons: revisar la página del archivo. CC0/PD: libre. CC BY o CC BY-SA: poner autor + licencia en la descripción del video.;;
208;3;guerras;STK;;"buscar: ""old man cowboy hat street""";pexels.com / pixabay.com / unsplash.com;Licencia Pexels/Pixabay/Unsplash: uso comercial gratis sin atribución (no es dominio público). Personas solo de espaldas, en silueta o no identificables.;;
209;6;guerras;STK;;"buscar: ""broken picture frame""";pexels.com / pixabay.com / unsplash.com;Licencia Pexels/Pixabay/Unsplash: uso comercial gratis sin atribución (no es dominio público). Personas solo de espaldas, en silueta o no identificables.;;
210;7;guerras;G-LABS;;Recreación: no existe material libre de este momento;G-Labs (usar el prompt de la escena);Imagen generada por IA;;
211;3;guerras;STK;;"buscar: ""crime scene tape road night""";pexels.com / pixabay.com / unsplash.com;Licencia Pexels/Pixabay/Unsplash: uso comercial gratis sin atribución (no es dominio público). Personas solo de espaldas, en silueta o no identificables.;;
212;6;guerras;COM;;Ejército, Marina y Guardia Nacional de México: convoyes, retenes, helicópteros, operativos — soldados tras vehículo;commons.wikimedia.org → 'Mexican Army', 'Mexican Navy', 'Guardia Nacional (México)' (muchas de Presidencia con CC BY);Verificar licencia: fotos del Gobierno de México o de Commons con origen gubernamental. Si no hay licencia libre clara, usar G-Labs.;;
213;4;guerras;STK;;"buscar: ""empty classroom""";pexels.com / pixabay.com / unsplash.com;Licencia Pexels/Pixabay/Unsplash: uso comercial gratis sin atribución (no es dominio público). Personas solo de espaldas, en silueta o no identificables.;;
214;6;guerras;COM;;Culiacán: vistas, calles, catedral, malecón, Palacio de Gobierno, noche — plaza y catedral;https://commons.wikimedia.org/wiki/Category:Culiac%C3%A1n_Rosales;Licencia libre de Wikimedia Commons: revisar la página del archivo. CC0/PD: libre. CC BY o CC BY-SA: poner autor + licencia en la descripción del video.;;
215;2;guerras;G-LABS;;Recreación: no existe material libre de este momento;G-Labs (usar el prompt de la escena);Imagen generada por IA;;
216;7;guerras;G-LABS;;Recreación: no existe material libre de este momento;G-Labs (usar el prompt de la escena);Imagen generada por IA;;
217;5;guerras;GOB;;Ficha de búsqueda y foto del Mayito Flaco;https://www.dea.gov/fugitives/ismael-zambada-sicairos;Dominio público (obra del gobierno federal de EE. UU.). Crédito recomendado, no obligatorio. NO usar si la página dice 'courtesy of' o cita a un tercero.;;
218;3;guerras;STK;;"buscar: ""bullet casing asphalt""";pexels.com / pixabay.com / unsplash.com;Licencia Pexels/Pixabay/Unsplash: uso comercial gratis sin atribución (no es dominio público). Personas solo de espaldas, en silueta o no identificables.;;
219;6;guerras;MAPA;;Mapa o gráfico propio (rutas, territorios, cifras) — Culiacán en dos zonas;Hacerlo en Canva/PowerPoint/QGIS con base de Natural Earth u OpenStreetMap, estilo oscuro y ámbar;Mapa o gráfico propio. Base: Natural Earth (dominio público) u OpenStreetMap (poner '© colaboradores de OpenStreetMap').;;
220;6;guerras;G-LABS;;Recreación: no existe material libre de este momento;G-Labs (usar el prompt de la escena);Imagen generada por IA;;
221;6;guerras;STK;;"buscar: ""plate breaking""";pexels.com / pixabay.com / unsplash.com;Licencia Pexels/Pixabay/Unsplash: uso comercial gratis sin atribución (no es dominio público). Personas solo de espaldas, en silueta o no identificables.;;
222;3;guerras;COM;;Culiacán: vistas, calles, catedral, malecón, Palacio de Gobierno, noche — de noche;https://commons.wikimedia.org/wiki/Category:Culiac%C3%A1n_Rosales;Licencia libre de Wikimedia Commons: revisar la página del archivo. CC0/PD: libre. CC BY o CC BY-SA: poner autor + licencia en la descripción del video.;;
223;7;guerras;STK;;"buscar: ""closed shop shutters street""";pexels.com / pixabay.com / unsplash.com;Licencia Pexels/Pixabay/Unsplash: uso comercial gratis sin atribución (no es dominio público). Personas solo de espaldas, en silueta o no identificables.;;
224;6;guerras;STK;;"buscar: ""family behind curtains""";pexels.com / pixabay.com / unsplash.com;Licencia Pexels/Pixabay/Unsplash: uso comercial gratis sin atribución (no es dominio público). Personas solo de espaldas, en silueta o no identificables.;;
225;6;guerras;G-LABS;;Recreación: no existe material libre de este momento;G-Labs (usar el prompt de la escena);Imagen generada por IA;;
226;6;guerras;GOB;;Edificios oficiales: Departamento de Justicia, FBI, Tesoro, DEA, Departamento de Estado, Casa Blanca — DEA;Wikimedia Commons (muchas son de dominio público) / sitios oficiales;Dominio público (obra del gobierno federal de EE. UU.). Crédito recomendado, no obligatorio. NO usar si la página dice 'courtesy of' o cita a un tercero.;;
227;7;guerras;MAPA;;Mapa o gráfico propio (rutas, territorios, cifras) — Jalisco y Sinaloa;Hacerlo en Canva/PowerPoint/QGIS con base de Natural Earth u OpenStreetMap, estilo oscuro y ámbar;Mapa o gráfico propio. Base: Natural Earth (dominio público) u OpenStreetMap (poner '© colaboradores de OpenStreetMap').;;
228;6;guerras;GOB;;Armas y cajas de armamento decomisadas;cbp.gov newsroom / atf.gov / dvidshub.net;Dominio público (obra del gobierno federal de EE. UU.). Crédito recomendado, no obligatorio. NO usar si la página dice 'courtesy of' o cita a un tercero.;;
229;7;guerras;GOB;;Cartel de búsqueda de Fausto Isidro Meza Flores, el Chapo Isidro;fbi.gov/wanted o dea.gov/fugitives → 'Meza Flores';Dominio público (obra del gobierno federal de EE. UU.). Crédito recomendado, no obligatorio. NO usar si la página dice 'courtesy of' o cita a un tercero.;;
230;5;guerras;STK;;"buscar: ""drone on truck""";pexels.com / pixabay.com / unsplash.com;Licencia Pexels/Pixabay/Unsplash: uso comercial gratis sin atribución (no es dominio público). Personas solo de espaldas, en silueta o no identificables.;;
231;4;guerras;STK;;"buscar: ""report document desk""";pexels.com / pixabay.com / unsplash.com;Licencia Pexels/Pixabay/Unsplash: uso comercial gratis sin atribución (no es dominio público). Personas solo de espaldas, en silueta o no identificables.;;
232;7;guerras;STK;sí;"buscar: ""drone view ranch trucks""";pexels.com/videos / pixabay.com/videos;Licencia Pexels/Pixabay/Unsplash: uso comercial gratis sin atribución (no es dominio público). Personas solo de espaldas, en silueta o no identificables.;;
233;4;guerras;GOB;sí;Material militar de EE. UU.: aviones de vigilancia, artefactos explosivos, desactivación — artefactos explosivos;dvidshub.net (buscar el tema);Dominio público (obra del gobierno federal de EE. UU.). Crédito recomendado, no obligatorio. NO usar si la página dice 'courtesy of' o cita a un tercero.;;
234;5;guerras;STK;sí;"buscar: ""drone flying dusk""";pexels.com/videos / pixabay.com/videos;Licencia Pexels/Pixabay/Unsplash: uso comercial gratis sin atribución (no es dominio público). Personas solo de espaldas, en silueta o no identificables.;;
235;6;guerras;G-LABS;;Recreación: no existe material libre de este momento;G-Labs (usar el prompt de la escena);Imagen generada por IA;;
236;4;guerras;COM;;Panteón Jardines del Humaya / cruces y tumbas en Sinaloa;commons.wikimedia.org → 'Jardines del Humaya' / Pexels 'cemetery crosses Mexico';Licencia libre de Wikimedia Commons: revisar la página del archivo. CC0/PD: libre. CC BY o CC BY-SA: poner autor + licencia en la descripción del video.;;
237;8;guerras;STK;;"buscar: ""stack of reports desk""";pexels.com / pixabay.com / unsplash.com;Licencia Pexels/Pixabay/Unsplash: uso comercial gratis sin atribución (no es dominio público). Personas solo de espaldas, en silueta o no identificables.;;
238;6;guerras;G-LABS;;Recreación: no existe material libre de este momento;G-Labs (usar el prompt de la escena);Imagen generada por IA;;
239;4;guerras;G-LABS;;Recreación: no existe material libre de este momento;G-Labs (usar el prompt de la escena);Imagen generada por IA;;
240;6;guerras;G-LABS;;Recreación: no existe material libre de este momento;G-Labs (usar el prompt de la escena);Imagen generada por IA;;
241;6;guerras;G-LABS;;Recreación: no existe material libre de este momento;G-Labs (usar el prompt de la escena);Imagen generada por IA;;
242;6;guerras;STK;;"buscar: ""family moving pickup truck""";pexels.com / pixabay.com / unsplash.com;Licencia Pexels/Pixabay/Unsplash: uso comercial gratis sin atribución (no es dominio público). Personas solo de espaldas, en silueta o no identificables.;;
243;5;guerras;STK;;"buscar: ""abandoned restaurant chairs stacked""";pexels.com / pixabay.com / unsplash.com;Licencia Pexels/Pixabay/Unsplash: uso comercial gratis sin atribución (no es dominio público). Personas solo de espaldas, en silueta o no identificables.;;
244;6;guerras;STK;;"buscar: ""book desk glasses""";pexels.com / pixabay.com / unsplash.com;Licencia Pexels/Pixabay/Unsplash: uso comercial gratis sin atribución (no es dominio público). Personas solo de espaldas, en silueta o no identificables.;;
245;5;guerras;MAPA;;Mapa o gráfico propio (rutas, territorios, cifras) — gráfico 1,3 a 4,3 homicidios diarios;Hacerlo en Canva/PowerPoint/QGIS con base de Natural Earth u OpenStreetMap, estilo oscuro y ámbar;Mapa o gráfico propio. Base: Natural Earth (dominio público) u OpenStreetMap (poner '© colaboradores de OpenStreetMap').;;
246;8;guerras;GOB;;Ficha de búsqueda y foto del Mayito Flaco — oscurecido;https://www.dea.gov/fugitives/ismael-zambada-sicairos;Dominio público (obra del gobierno federal de EE. UU.). Crédito recomendado, no obligatorio. NO usar si la página dice 'courtesy of' o cita a un tercero.;;
247;5;persecucion;GOB;sí;Material militar de EE. UU.: aviones de vigilancia, artefactos explosivos, desactivación — avión de vigilancia;dvidshub.net (buscar el tema);Dominio público (obra del gobierno federal de EE. UU.). Crédito recomendado, no obligatorio. NO usar si la página dice 'courtesy of' o cita a un tercero.;;
248;5;persecucion;GOB;;Páginas reales de documentos judiciales (acusaciones, acuerdos de culpabilidad, expedientes) — designación terrorista en el Federal Register;"courtlistener.com: EE. UU. contra Guzmán López (Illinois Norte), contra Zambada García (Nueva York Este), contra Zambada Sicairos (California Sur); federalregister.gov para la designación terrorista";Dominio público (obra del gobierno federal de EE. UU.). Crédito recomendado, no obligatorio. NO usar si la página dice 'courtesy of' o cita a un tercero. Los escritos de la fiscalía son obra federal.;;
249;4;persecucion;MAPA;;Mapa o gráfico propio (rutas, territorios, cifras) — México con territorios en rojo;Hacerlo en Canva/PowerPoint/QGIS con base de Natural Earth u OpenStreetMap, estilo oscuro y ámbar;Mapa o gráfico propio. Base: Natural Earth (dominio público) u OpenStreetMap (poner '© colaboradores de OpenStreetMap').;;
250;7;persecucion;STK;;"buscar: ""gavel documents""";pexels.com / pixabay.com / unsplash.com;Licencia Pexels/Pixabay/Unsplash: uso comercial gratis sin atribución (no es dominio público). Personas solo de espaldas, en silueta o no identificables.;;
251;6;persecucion;G-LABS;;Recreación: no existe material libre de este momento;G-Labs (usar el prompt de la escena);Imagen generada por IA;;
252;5;persecucion;GOB;;Cartel de búsqueda de Rafael Caro Quintero;fbi.gov/wanted (Ten Most Wanted) → 'Caro Quintero';Dominio público (obra del gobierno federal de EE. UU.). Crédito recomendado, no obligatorio. NO usar si la página dice 'courtesy of' o cita a un tercero.;;
253;7;persecucion;G-LABS;;Recreación: no existe material libre de este momento;G-Labs (usar el prompt de la escena);Imagen generada por IA;;
254;3;persecucion;STK;;"buscar: ""empty prison cell open door""";pexels.com / pixabay.com / unsplash.com;Licencia Pexels/Pixabay/Unsplash: uso comercial gratis sin atribución (no es dominio público). Personas solo de espaldas, en silueta o no identificables.;;
255;5;persecucion;COM;;Corte federal de San Diego — de noche;commons.wikimedia.org → 'James M. Carter and Judith N. Keep United States Courthouse';Licencia libre de Wikimedia Commons: revisar la página del archivo. CC0/PD: libre. CC BY o CC BY-SA: poner autor + licencia en la descripción del video.;;
256;5;persecucion;GOB;;Páginas reales de documentos judiciales (acusaciones, acuerdos de culpabilidad, expedientes) — acusación de narcoterrorismo;"courtlistener.com: EE. UU. contra Guzmán López (Illinois Norte), contra Zambada García (Nueva York Este), contra Zambada Sicairos (California Sur); federalregister.gov para la designación terrorista";Dominio público (obra del gobierno federal de EE. UU.). Crédito recomendado, no obligatorio. NO usar si la página dice 'courtesy of' o cita a un tercero. Los escritos de la fiscalía son obra federal.;;
257;5;persecucion;GOB;sí;Decomisos de cocaína y droga, descargas de la Guardia Costera — bolsas de evidencia;dvidshub.net → 'Coast Guard cocaine offload' / cbp.gov newsroom;Dominio público (obra del gobierno federal de EE. UU.). Crédito recomendado, no obligatorio. NO usar si la página dice 'courtesy of' o cita a un tercero.;;
258;6;persecucion;GOB;;Ficha de búsqueda y foto del Mayito Flaco — cartel de recompensa;https://www.dea.gov/fugitives/ismael-zambada-sicairos;Dominio público (obra del gobierno federal de EE. UU.). Crédito recomendado, no obligatorio. NO usar si la página dice 'courtesy of' o cita a un tercero.;;
259;5;persecucion;GOB;;Foto de Iván Archivaldo Guzmán;https://www.ice.gov/most-wanted/guzman-salazar-ivan;Dominio público (obra del gobierno federal de EE. UU.). Crédito recomendado, no obligatorio. NO usar si la página dice 'courtesy of' o cita a un tercero.;;
260;6;persecucion;GOB;sí;Frontera y garitas (Santa Teresa, El Paso, San Ysidro, Nogales, Calexico) — garita peatonal de San Ysidro;flickr.com/photos/cbpphotos (fotos de CBP) / cbp.gov / dvidshub.net;Dominio público (obra del gobierno federal de EE. UU.). Crédito recomendado, no obligatorio. NO usar si la página dice 'courtesy of' o cita a un tercero.;;
261;7;persecucion;GOB;sí;Frontera y garitas (Santa Teresa, El Paso, San Ysidro, Nogales, Calexico) — pasillo de garita;flickr.com/photos/cbpphotos (fotos de CBP) / cbp.gov / dvidshub.net;Dominio público (obra del gobierno federal de EE. UU.). Crédito recomendado, no obligatorio. NO usar si la página dice 'courtesy of' o cita a un tercero.;;
262;3;persecucion;COM;;Retratos de políticos: Rocha Moya, Cuén, García Harfuch, López Obrador, Inzunza, Gámez Mendívil — García Harfuch;commons.wikimedia.org (buscar cada nombre);Verificar licencia: fotos del Gobierno de México o de Commons con origen gubernamental. Si no hay licencia libre clara, usar G-Labs.;;
263;6;persecucion;STK;;"buscar: ""folder pen""";pexels.com / pixabay.com / unsplash.com;Licencia Pexels/Pixabay/Unsplash: uso comercial gratis sin atribución (no es dominio público). Personas solo de espaldas, en silueta o no identificables.;;
264;6;persecucion;STK;;"buscar: ""empty house moving boxes""";pexels.com / pixabay.com / unsplash.com;Licencia Pexels/Pixabay/Unsplash: uso comercial gratis sin atribución (no es dominio público). Personas solo de espaldas, en silueta o no identificables.;;
265;3;persecucion;COM;;Corte federal de Chicago (Dirksen Federal Building);commons.wikimedia.org → 'Everett McKinley Dirksen United States Courthouse';Licencia libre de Wikimedia Commons: revisar la página del archivo. CC0/PD: libre. CC BY o CC BY-SA: poner autor + licencia en la descripción del video.;;
266;5;persecucion;GOB;;Foto de Ovidio Guzmán López;Cartel de recompensa 2023 del Departamento de Estado (state.gov, Narcotics Rewards Program);Dominio público (obra del gobierno federal de EE. UU.). Crédito recomendado, no obligatorio. NO usar si la página dice 'courtesy of' o cita a un tercero.;;
267;7;persecucion;GOB;;Foto de Joaquín Guzmán López;https://www.ice.gov/most-wanted/captured/guzman-lopez-joaquin (y cartel de recompensa 2023 del Departamento de Estado);Dominio público (obra del gobierno federal de EE. UU.). Crédito recomendado, no obligatorio. NO usar si la página dice 'courtesy of' o cita a un tercero.;;
268;4;persecucion;STK;;"buscar: ""prison cells""";pexels.com / pixabay.com / unsplash.com;Licencia Pexels/Pixabay/Unsplash: uso comercial gratis sin atribución (no es dominio público). Personas solo de espaldas, en silueta o no identificables.;;
269;7;persecucion;GOB;;Cartel de recompensa 2023 con los cuatro Chapitos — carteles de Iván y Jesús Alfredo;state.gov → Narcotics Rewards Program (abril 2023) / ice.gov most wanted;Dominio público (obra del gobierno federal de EE. UU.). Crédito recomendado, no obligatorio. NO usar si la página dice 'courtesy of' o cita a un tercero.;;
270;5;persecucion;GOB;;Dinero en efectivo decomisado;dea.gov / cbp.gov newsroom / dvidshub.net → 'currency seizure';Dominio público (obra del gobierno federal de EE. UU.). Crédito recomendado, no obligatorio. NO usar si la página dice 'courtesy of' o cita a un tercero.;;
271;5;persecucion;GOB;;Páginas reales de documentos judiciales (acusaciones, acuerdos de culpabilidad, expedientes) — lista de acusados;"courtlistener.com: EE. UU. contra Guzmán López (Illinois Norte), contra Zambada García (Nueva York Este), contra Zambada Sicairos (California Sur); federalregister.gov para la designación terrorista";Dominio público (obra del gobierno federal de EE. UU.). Crédito recomendado, no obligatorio. NO usar si la página dice 'courtesy of' o cita a un tercero. Los escritos de la fiscalía son obra federal.;;
272;3;persecucion;STK;;"buscar: ""corkboard crossed photos""";pexels.com / pixabay.com / unsplash.com;Licencia Pexels/Pixabay/Unsplash: uso comercial gratis sin atribución (no es dominio público). Personas solo de espaldas, en silueta o no identificables.;;
273;5;persecucion;COM;;Ejército, Marina y Guardia Nacional de México: convoyes, retenes, helicópteros, operativos — Marina en operativo;commons.wikimedia.org → 'Mexican Army', 'Mexican Navy', 'Guardia Nacional (México)' (muchas de Presidencia con CC BY);Verificar licencia: fotos del Gobierno de México o de Commons con origen gubernamental. Si no hay licencia libre clara, usar G-Labs.;;
274;5;persecucion;COM;;Ejército, Marina y Guardia Nacional de México: convoyes, retenes, helicópteros, operativos — retén en carretera;commons.wikimedia.org → 'Mexican Army', 'Mexican Navy', 'Guardia Nacional (México)' (muchas de Presidencia con CC BY);Verificar licencia: fotos del Gobierno de México o de Commons con origen gubernamental. Si no hay licencia libre clara, usar G-Labs.;;
275;3;persecucion;COM;;Culiacán: vistas, calles, catedral, malecón, Palacio de Gobierno, noche — Palacio de Gobierno;https://commons.wikimedia.org/wiki/Category:Culiac%C3%A1n_Rosales;Licencia libre de Wikimedia Commons: revisar la página del archivo. CC0/PD: libre. CC BY o CC BY-SA: poner autor + licencia en la descripción del video.;;
276;6;persecucion;COM;sí;Manhattan / Brooklyn Bridge / cortes del Distrito Sur de Nueva York — corte del Distrito Sur;commons.wikimedia.org → 'Daniel Patrick Moynihan United States Courthouse' / Pexels (clip);Licencia libre de Wikimedia Commons: revisar la página del archivo. CC0/PD: libre. CC BY o CC BY-SA: poner autor + licencia en la descripción del video.;;
277;4;persecucion;COM;;Retratos de políticos: Rocha Moya, Cuén, García Harfuch, López Obrador, Inzunza, Gámez Mendívil — Rocha Moya;commons.wikimedia.org (buscar cada nombre);Verificar licencia: fotos del Gobierno de México o de Commons con origen gubernamental. Si no hay licencia libre clara, usar G-Labs.;;
278;6;persecucion;COM;;Retratos de políticos: Rocha Moya, Cuén, García Harfuch, López Obrador, Inzunza, Gámez Mendívil — Rocha Moya, Inzunza, Gámez Mendívil;commons.wikimedia.org (buscar cada nombre);Verificar licencia: fotos del Gobierno de México o de Commons con origen gubernamental. Si no hay licencia libre clara, usar G-Labs.;;
279;7;persecucion;STK;;"buscar: ""cash envelope badge""";pexels.com / pixabay.com / unsplash.com;Licencia Pexels/Pixabay/Unsplash: uso comercial gratis sin atribución (no es dominio público). Personas solo de espaldas, en silueta o no identificables.;;
280;8;persecucion;G-LABS;;Recreación: no existe material libre de este momento;G-Labs (usar el prompt de la escena);Imagen generada por IA;;
281;2;persecucion;COM;;Retratos de políticos: Rocha Moya, Cuén, García Harfuch, López Obrador, Inzunza, Gámez Mendívil — Rocha Moya;commons.wikimedia.org (buscar cada nombre);Verificar licencia: fotos del Gobierno de México o de Commons con origen gubernamental. Si no hay licencia libre clara, usar G-Labs.;;
282;7;persecucion;COM;;Sede de la Fiscalía General de la República;commons.wikimedia.org → 'Fiscalía General de la República';Licencia libre de Wikimedia Commons: revisar la página del archivo. CC0/PD: libre. CC BY o CC BY-SA: poner autor + licencia en la descripción del video.;;
283;5;persecucion;COM;;Culiacán: vistas, calles, catedral, malecón, Palacio de Gobierno, noche — Palacio de Gobierno;https://commons.wikimedia.org/wiki/Category:Culiac%C3%A1n_Rosales;Licencia libre de Wikimedia Commons: revisar la página del archivo. CC0/PD: libre. CC BY o CC BY-SA: poner autor + licencia en la descripción del video.;;
284;7;persecucion;GOB;;Páginas reales de documentos judiciales (acusaciones, acuerdos de culpabilidad, expedientes) — acusación del Distrito Sur de Nueva York;"courtlistener.com: EE. UU. contra Guzmán López (Illinois Norte), contra Zambada García (Nueva York Este), contra Zambada Sicairos (California Sur); federalregister.gov para la designación terrorista";Dominio público (obra del gobierno federal de EE. UU.). Crédito recomendado, no obligatorio. NO usar si la página dice 'courtesy of' o cita a un tercero. Los escritos de la fiscalía son obra federal.;;
285;6;persecucion;G-LABS;;Recreación: no existe material libre de este momento;G-Labs (usar el prompt de la escena);Imagen generada por IA;;
286;6;caida;COM;sí;Manhattan / Brooklyn Bridge / cortes del Distrito Sur de Nueva York — Brooklyn Bridge al amanecer;commons.wikimedia.org → 'Daniel Patrick Moynihan United States Courthouse' / Pexels (clip);Licencia libre de Wikimedia Commons: revisar la página del archivo. CC0/PD: libre. CC BY o CC BY-SA: poner autor + licencia en la descripción del video.;;
287;5;caida;G-LABS;;Recreación: no existe material libre de este momento;G-Labs (usar el prompt de la escena);Imagen generada por IA;;
288;4;caida;COM;;Juez Brian Cogan;commons.wikimedia.org → 'Brian Cogan' (si no hay foto libre, usar G-Labs con juez genérico);Licencia libre de Wikimedia Commons: revisar la página del archivo. CC0/PD: libre. CC BY o CC BY-SA: poner autor + licencia en la descripción del video.;;
289;5;caida;G-LABS;;Recreación: no existe material libre de este momento;G-Labs (usar el prompt de la escena);Imagen generada por IA;;
290;5;caida;G-LABS;;Recreación: no existe material libre de este momento;G-Labs (usar el prompt de la escena);Imagen generada por IA;;
291;3;caida;GOB;;Páginas reales de documentos judiciales (acusaciones, acuerdos de culpabilidad, expedientes) — acuerdo de culpabilidad del Mayo;"courtlistener.com: EE. UU. contra Guzmán López (Illinois Norte), contra Zambada García (Nueva York Este), contra Zambada Sicairos (California Sur); federalregister.gov para la designación terrorista";Dominio público (obra del gobierno federal de EE. UU.). Crédito recomendado, no obligatorio. NO usar si la página dice 'courtesy of' o cita a un tercero. Los escritos de la fiscalía son obra federal.;;
292;4;caida;G-LABS;;Recreación: no existe material libre de este momento;G-Labs (usar el prompt de la escena);Imagen generada por IA;;
293;6;caida;GOB;;Foto del Mayo del cartel de recompensa (Departamento de Estado / DEA);"state.gov → Narcotics Rewards Program → 'Ismael Zambada Garcia'; dea.gov (comunicados con cartel de búsqueda)";Dominio público (obra del gobierno federal de EE. UU.). Crédito recomendado, no obligatorio. NO usar si la página dice 'courtesy of' o cita a un tercero.;;
294;5;caida;STK;;"buscar: ""candlelight vigil""";pexels.com / pixabay.com / unsplash.com;Licencia Pexels/Pixabay/Unsplash: uso comercial gratis sin atribución (no es dominio público). Personas solo de espaldas, en silueta o no identificables.;;
295;6;caida;STK;;"buscar: ""envelopes cash police cap""";pexels.com / pixabay.com / unsplash.com;Licencia Pexels/Pixabay/Unsplash: uso comercial gratis sin atribución (no es dominio público). Personas solo de espaldas, en silueta o no identificables.;;
296;6;caida;GOB;;Retrato oficial de la fiscal general Pam Bondi;justice.gov → Office of the Attorney General;Dominio público (obra del gobierno federal de EE. UU.). Crédito recomendado, no obligatorio. NO usar si la página dice 'courtesy of' o cita a un tercero.;;
297;2;caida;STK;;"buscar: ""calendar crossed dates""";pexels.com / pixabay.com / unsplash.com;Licencia Pexels/Pixabay/Unsplash: uso comercial gratis sin atribución (no es dominio público). Personas solo de espaldas, en silueta o no identificables.;;
298;6;caida;COM;;Corte federal de Brooklyn (Theodore Roosevelt U.S. Courthouse) — cámaras de prensa afuera;commons.wikimedia.org → 'Theodore Roosevelt United States Courthouse';Licencia libre de Wikimedia Commons: revisar la página del archivo. CC0/PD: libre. CC BY o CC BY-SA: poner autor + licencia en la descripción del video.;;
299;7;caida;G-LABS;;Recreación: no existe material libre de este momento;G-Labs (usar el prompt de la escena);Imagen generada por IA;;
300;5;caida;STK;;"buscar: ""old hands holding letter""";pexels.com / pixabay.com / unsplash.com;Licencia Pexels/Pixabay/Unsplash: uso comercial gratis sin atribución (no es dominio público). Personas solo de espaldas, en silueta o no identificables.;;
301;7;caida;G-LABS;;Recreación: no existe material libre de este momento;G-Labs (usar el prompt de la escena);Imagen generada por IA;;
302;7;caida;GOB;;Foto del Mayo del cartel de recompensa (Departamento de Estado / DEA) — ojos, acercamiento;"state.gov → Narcotics Rewards Program → 'Ismael Zambada Garcia'; dea.gov (comunicados con cartel de búsqueda)";Dominio público (obra del gobierno federal de EE. UU.). Crédito recomendado, no obligatorio. NO usar si la página dice 'courtesy of' o cita a un tercero.;;
303;6;caida;COM;;Panteón Jardines del Humaya / cruces y tumbas en Sinaloa;commons.wikimedia.org → 'Jardines del Humaya' / Pexels 'cemetery crosses Mexico';Licencia libre de Wikimedia Commons: revisar la página del archivo. CC0/PD: libre. CC BY o CC BY-SA: poner autor + licencia en la descripción del video.;;
304;5;caida;G-LABS;;Recreación: no existe material libre de este momento;G-Labs (usar el prompt de la escena);Imagen generada por IA;;
305;3;caida;STK;sí;"buscar: ""drone city dusk haze""";pexels.com/videos / pixabay.com/videos;Licencia Pexels/Pixabay/Unsplash: uso comercial gratis sin atribución (no es dominio público). Personas solo de espaldas, en silueta o no identificables.;;
306;6;caida;G-LABS;;Recreación: no existe material libre de este momento;G-Labs (usar el prompt de la escena);Imagen generada por IA;;
307;6;caida;COM;;Juez Brian Cogan;commons.wikimedia.org → 'Brian Cogan' (si no hay foto libre, usar G-Labs con juez genérico);Licencia libre de Wikimedia Commons: revisar la página del archivo. CC0/PD: libre. CC BY o CC BY-SA: poner autor + licencia en la descripción del video.;;
308;5;caida;GOB;sí;Decomisos de cocaína y droga, descargas de la Guardia Costera — almacén de cocaína;dvidshub.net → 'Coast Guard cocaine offload' / cbp.gov newsroom;Dominio público (obra del gobierno federal de EE. UU.). Crédito recomendado, no obligatorio. NO usar si la página dice 'courtesy of' o cita a un tercero.;;
309;5;caida;STK;;"buscar: ""wall of photos blurred""";pexels.com / pixabay.com / unsplash.com;Licencia Pexels/Pixabay/Unsplash: uso comercial gratis sin atribución (no es dominio público). Personas solo de espaldas, en silueta o no identificables.;;
310;3;caida;GOB;;Dinero en efectivo decomisado;dea.gov / cbp.gov newsroom / dvidshub.net → 'currency seizure';Dominio público (obra del gobierno federal de EE. UU.). Crédito recomendado, no obligatorio. NO usar si la página dice 'courtesy of' o cita a un tercero.;;
311;5;caida;GOB;;Prisiones federales y centros médicos penitenciarios de EE. UU. — centro médico federal;bop.gov → Locations (fotos de instalaciones);Dominio público (obra del gobierno federal de EE. UU.). Crédito recomendado, no obligatorio. NO usar si la página dice 'courtesy of' o cita a un tercero.;;
312;6;caida;GOB;;Prisiones federales y centros médicos penitenciarios de EE. UU. — pasillo;bop.gov → Locations (fotos de instalaciones);Dominio público (obra del gobierno federal de EE. UU.). Crédito recomendado, no obligatorio. NO usar si la página dice 'courtesy of' o cita a un tercero.;;
313;4;caida;STK;sí;"buscar: ""misty mountains dawn""";pexels.com/videos / pixabay.com/videos;Licencia Pexels/Pixabay/Unsplash: uso comercial gratis sin atribución (no es dominio público). Personas solo de espaldas, en silueta o no identificables.;;
314;6;misterio;STK;;"buscar: ""corkboard red string question""";pexels.com / pixabay.com / unsplash.com;Licencia Pexels/Pixabay/Unsplash: uso comercial gratis sin atribución (no es dominio público). Personas solo de espaldas, en silueta o no identificables.;;
315;5;misterio;GOB;;Edificios oficiales: Departamento de Justicia, FBI, Tesoro, DEA, Departamento de Estado, Casa Blanca — Casa Blanca de noche;Wikimedia Commons (muchas son de dominio público) / sitios oficiales;Dominio público (obra del gobierno federal de EE. UU.). Crédito recomendado, no obligatorio. NO usar si la página dice 'courtesy of' o cita a un tercero.;;
316;6;misterio;GOB;;Páginas reales de documentos judiciales (acusaciones, acuerdos de culpabilidad, expedientes) — párrafo subrayado;"courtlistener.com: EE. UU. contra Guzmán López (Illinois Norte), contra Zambada García (Nueva York Este), contra Zambada Sicairos (California Sur); federalregister.gov para la designación terrorista";Dominio público (obra del gobierno federal de EE. UU.). Crédito recomendado, no obligatorio. NO usar si la página dice 'courtesy of' o cita a un tercero. Los escritos de la fiscalía son obra federal.;;
317;3;misterio;STK;;"buscar: ""old flip phone""";pexels.com / pixabay.com / unsplash.com;Licencia Pexels/Pixabay/Unsplash: uso comercial gratis sin atribución (no es dominio público). Personas solo de espaldas, en silueta o no identificables.;;
318;6;misterio;STK;;"buscar: ""analyst desk maps""";pexels.com / pixabay.com / unsplash.com;Licencia Pexels/Pixabay/Unsplash: uso comercial gratis sin atribución (no es dominio público). Personas solo de espaldas, en silueta o no identificables.;;
319;6;misterio;STK;;"buscar: ""book podium microphone""";pexels.com / pixabay.com / unsplash.com;Licencia Pexels/Pixabay/Unsplash: uso comercial gratis sin atribución (no es dominio público). Personas solo de espaldas, en silueta o no identificables.;;
320;4;misterio;COM;;Retratos de políticos: Rocha Moya, Cuén, García Harfuch, López Obrador, Inzunza, Gámez Mendívil — López Obrador;commons.wikimedia.org (buscar cada nombre);Verificar licencia: fotos del Gobierno de México o de Commons con origen gubernamental. Si no hay licencia libre clara, usar G-Labs.;;
321;5;misterio;G-LABS;;Recreación: no existe material libre de este momento;G-Labs (usar el prompt de la escena);Imagen generada por IA;;
322;6;misterio;GOB;;Edificios oficiales: Departamento de Justicia, FBI, Tesoro, DEA, Departamento de Estado, Casa Blanca — sala de prensa del Departamento de Estado;Wikimedia Commons (muchas son de dominio público) / sitios oficiales;Dominio público (obra del gobierno federal de EE. UU.). Crédito recomendado, no obligatorio. NO usar si la página dice 'courtesy of' o cita a un tercero.;;
323;5;misterio;STK;;"buscar: ""walled rural property gate""";pexels.com / pixabay.com / unsplash.com;Licencia Pexels/Pixabay/Unsplash: uso comercial gratis sin atribución (no es dominio público). Personas solo de espaldas, en silueta o no identificables.;;
324;4;misterio;STK;;"buscar: ""letter names circled red""";pexels.com / pixabay.com / unsplash.com;Licencia Pexels/Pixabay/Unsplash: uso comercial gratis sin atribución (no es dominio público). Personas solo de espaldas, en silueta o no identificables.;;
325;3;misterio;COM;;Retratos de políticos: Rocha Moya, Cuén, García Harfuch, López Obrador, Inzunza, Gámez Mendívil — Cuén;commons.wikimedia.org (buscar cada nombre);Verificar licencia: fotos del Gobierno de México o de Commons con origen gubernamental. Si no hay licencia libre clara, usar G-Labs.;;
326;7;misterio;COM;;Sede de la Fiscalía General de la República;commons.wikimedia.org → 'Fiscalía General de la República';Licencia libre de Wikimedia Commons: revisar la página del archivo. CC0/PD: libre. CC BY o CC BY-SA: poner autor + licencia en la descripción del video.;;
327;5;misterio;STK;;"buscar: ""dusty case folder archive""";pexels.com / pixabay.com / unsplash.com;Licencia Pexels/Pixabay/Unsplash: uso comercial gratis sin atribución (no es dominio público). Personas solo de espaldas, en silueta o no identificables.;;
328;2;misterio;STK;;"buscar: ""key on dollar bills""";pexels.com / pixabay.com / unsplash.com;Licencia Pexels/Pixabay/Unsplash: uso comercial gratis sin atribución (no es dominio público). Personas solo de espaldas, en silueta o no identificables.;;
329;5;misterio;GOB;;Dinero en efectivo decomisado — almacén;dea.gov / cbp.gov newsroom / dvidshub.net → 'currency seizure';Dominio público (obra del gobierno federal de EE. UU.). Crédito recomendado, no obligatorio. NO usar si la página dice 'courtesy of' o cita a un tercero.;;
330;7;misterio;STK;;"buscar: ""empty vault open door""";pexels.com / pixabay.com / unsplash.com;Licencia Pexels/Pixabay/Unsplash: uso comercial gratis sin atribución (no es dominio público). Personas solo de espaldas, en silueta o no identificables.;;
331;6;misterio;STK;;"buscar: ""businessman hotel lobby back view""";pexels.com / pixabay.com / unsplash.com;Licencia Pexels/Pixabay/Unsplash: uso comercial gratis sin atribución (no es dominio público). Personas solo de espaldas, en silueta o no identificables.;;
332;3;misterio;GOB;;Ficha de búsqueda y foto del Mayito Flaco;https://www.dea.gov/fugitives/ismael-zambada-sicairos;Dominio público (obra del gobierno federal de EE. UU.). Crédito recomendado, no obligatorio. NO usar si la página dice 'courtesy of' o cita a un tercero.;;
333;5;misterio;G-LABS;;Recreación: no existe material libre de este momento;G-Labs (usar el prompt de la escena);Imagen generada por IA;;
334;7;misterio;STK;;"buscar: ""two men parking lot night silhouettes""";pexels.com / pixabay.com / unsplash.com;Licencia Pexels/Pixabay/Unsplash: uso comercial gratis sin atribución (no es dominio público). Personas solo de espaldas, en silueta o no identificables.;;
335;2;misterio;STK;;"buscar: ""reporter notebook recorder""";pexels.com / pixabay.com / unsplash.com;Licencia Pexels/Pixabay/Unsplash: uso comercial gratis sin atribución (no es dominio público). Personas solo de espaldas, en silueta o no identificables.;;
336;5;misterio;COM;sí;Ciudad de México, Paseo de la Reforma de noche;Pexels/Pixabay → 'Mexico City Reforma night' / Commons;Licencia Pexels/Pixabay/Unsplash: uso comercial gratis sin atribución (no es dominio público). Personas solo de espaldas, en silueta o no identificables.;;
337;6;misterio;GOB;;Ficha de búsqueda y foto del Mayito Flaco — ficha completa;https://www.dea.gov/fugitives/ismael-zambada-sicairos;Dominio público (obra del gobierno federal de EE. UU.). Crédito recomendado, no obligatorio. NO usar si la página dice 'courtesy of' o cita a un tercero.;;
338;6;misterio;GOB;;Ficha de búsqueda y foto del Mayito Flaco — acercamiento;https://www.dea.gov/fugitives/ismael-zambada-sicairos;Dominio público (obra del gobierno federal de EE. UU.). Crédito recomendado, no obligatorio. NO usar si la página dice 'courtesy of' o cita a un tercero.;;
339;6;actualidad;COM;;Culiacán: vistas, calles, catedral, malecón, Palacio de Gobierno, noche — panorámica;https://commons.wikimedia.org/wiki/Category:Culiac%C3%A1n_Rosales;Licencia libre de Wikimedia Commons: revisar la página del archivo. CC0/PD: libre. CC BY o CC BY-SA: poner autor + licencia en la descripción del video.;;
340;4;actualidad;STK;;"buscar: ""map with pins""";pexels.com / pixabay.com / unsplash.com;Licencia Pexels/Pixabay/Unsplash: uso comercial gratis sin atribución (no es dominio público). Personas solo de espaldas, en silueta o no identificables.;;
341;5;actualidad;MAPA;;Mapa o gráfico propio (rutas, territorios, cifras) — cuatro facciones;Hacerlo en Canva/PowerPoint/QGIS con base de Natural Earth u OpenStreetMap, estilo oscuro y ámbar;Mapa o gráfico propio. Base: Natural Earth (dominio público) u OpenStreetMap (poner '© colaboradores de OpenStreetMap').;;
342;5;actualidad;MAPA;;Mapa o gráfico propio (rutas, territorios, cifras) — sur y oriente de Culiacán;Hacerlo en Canva/PowerPoint/QGIS con base de Natural Earth u OpenStreetMap, estilo oscuro y ámbar;Mapa o gráfico propio. Base: Natural Earth (dominio público) u OpenStreetMap (poner '© colaboradores de OpenStreetMap').;;
343;4;actualidad;STK;sí;"buscar: ""drone city neighborhoods dusk""";pexels.com/videos / pixabay.com/videos;Licencia Pexels/Pixabay/Unsplash: uso comercial gratis sin atribución (no es dominio público). Personas solo de espaldas, en silueta o no identificables.;;
344;5;actualidad;STK;;"buscar: ""abandoned house broken windows""";pexels.com / pixabay.com / unsplash.com;Licencia Pexels/Pixabay/Unsplash: uso comercial gratis sin atribución (no es dominio público). Personas solo de espaldas, en silueta o no identificables.;;
345;6;actualidad;COM;;Mina a cielo abierto en Sinaloa / México;commons.wikimedia.org → 'Mining in Sinaloa' / Pexels 'open pit mine';Licencia libre de Wikimedia Commons: revisar la página del archivo. CC0/PD: libre. CC BY o CC BY-SA: poner autor + licencia en la descripción del video.;;
346;6;actualidad;STK;;"buscar: ""miner helmet boots""";pexels.com / pixabay.com / unsplash.com;Licencia Pexels/Pixabay/Unsplash: uso comercial gratis sin atribución (no es dominio público). Personas solo de espaldas, en silueta o no identificables.;;
347;7;actualidad;STK;;"buscar: ""police tape mountain road""";pexels.com / pixabay.com / unsplash.com;Licencia Pexels/Pixabay/Unsplash: uso comercial gratis sin atribución (no es dominio público). Personas solo de espaldas, en silueta o no identificables.;;
348;2;actualidad;MAPA;;Mapa o gráfico propio (rutas, territorios, cifras) — Jalisco se apaga;Hacerlo en Canva/PowerPoint/QGIS con base de Natural Earth u OpenStreetMap, estilo oscuro y ámbar;Mapa o gráfico propio. Base: Natural Earth (dominio público) u OpenStreetMap (poner '© colaboradores de OpenStreetMap').;;
349;7;actualidad;COM;;Tapalpa, Jalisco y sus bosques;commons.wikimedia.org → 'Tapalpa';Licencia libre de Wikimedia Commons: revisar la página del archivo. CC0/PD: libre. CC BY o CC BY-SA: poner autor + licencia en la descripción del video.;;
350;5;actualidad;GOB;;Cartel de búsqueda de Nemesio Oseguera Cervantes, el Mencho;dea.gov/fugitives → 'Oseguera Cervantes';Dominio público (obra del gobierno federal de EE. UU.). Crédito recomendado, no obligatorio. NO usar si la página dice 'courtesy of' o cita a un tercero.;;
351;6;actualidad;G-LABS;;Recreación: no existe material libre de este momento;G-Labs (usar el prompt de la escena);Imagen generada por IA;;
352;5;actualidad;GOB;;Foto de Iván Archivaldo Guzmán — oscurecido;https://www.ice.gov/most-wanted/guzman-salazar-ivan;Dominio público (obra del gobierno federal de EE. UU.). Crédito recomendado, no obligatorio. NO usar si la página dice 'courtesy of' o cita a un tercero.;;
353;6;actualidad;GOB;;Páginas reales de documentos judiciales (acusaciones, acuerdos de culpabilidad, expedientes) — expediente con la audiencia de marzo de 2027;"courtlistener.com: EE. UU. contra Guzmán López (Illinois Norte), contra Zambada García (Nueva York Este), contra Zambada Sicairos (California Sur); federalregister.gov para la designación terrorista";Dominio público (obra del gobierno federal de EE. UU.). Crédito recomendado, no obligatorio. NO usar si la página dice 'courtesy of' o cita a un tercero. Los escritos de la fiscalía son obra federal.;;
354;3;actualidad;GOB;;Ficha de búsqueda y foto del Mayito Flaco;https://www.dea.gov/fugitives/ismael-zambada-sicairos;Dominio público (obra del gobierno federal de EE. UU.). Crédito recomendado, no obligatorio. NO usar si la página dice 'courtesy of' o cita a un tercero.;;
355;7;actualidad;GOB;;Edificios oficiales: Departamento de Justicia, FBI, Tesoro, DEA, Departamento de Estado, Casa Blanca — Tesoro;Wikimedia Commons (muchas son de dominio público) / sitios oficiales;Dominio público (obra del gobierno federal de EE. UU.). Crédito recomendado, no obligatorio. NO usar si la página dice 'courtesy of' o cita a un tercero.;;
356;7;actualidad;GOB;;Comunicado y gráfico de red de las sanciones del 29 sep 2026 contra los Mayos — gráfico de la red;home.treasury.gov → Press Releases → 'Zambada Sicairos' (el Tesoro publica un gráfico de la red);Dominio público (obra del gobierno federal de EE. UU.). Crédito recomendado, no obligatorio. NO usar si la página dice 'courtesy of' o cita a un tercero.;;
357;6;actualidad;STK;;"buscar: ""bank cards blocked""";pexels.com / pixabay.com / unsplash.com;Licencia Pexels/Pixabay/Unsplash: uso comercial gratis sin atribución (no es dominio público). Personas solo de espaldas, en silueta o no identificables.;;
358;5;actualidad;GOB;;Ficha de búsqueda y foto del Mayito Flaco — ficha en tablero;https://www.dea.gov/fugitives/ismael-zambada-sicairos;Dominio público (obra del gobierno federal de EE. UU.). Crédito recomendado, no obligatorio. NO usar si la página dice 'courtesy of' o cita a un tercero.;;
359;5;actualidad;GOB;;Ficha de búsqueda y foto del Mayito Flaco — datos de la ficha;https://www.dea.gov/fugitives/ismael-zambada-sicairos;Dominio público (obra del gobierno federal de EE. UU.). Crédito recomendado, no obligatorio. NO usar si la página dice 'courtesy of' o cita a un tercero.;;
360;2;actualidad;MAPA;;Mapa o gráfico propio (rutas, territorios, cifras) — alfiler de Sinaloa a Ciudad de México;Hacerlo en Canva/PowerPoint/QGIS con base de Natural Earth u OpenStreetMap, estilo oscuro y ámbar;Mapa o gráfico propio. Base: Natural Earth (dominio público) u OpenStreetMap (poner '© colaboradores de OpenStreetMap').;;
361;5;actualidad;COM;sí;Ciudad de México, Paseo de la Reforma de noche;Pexels/Pixabay → 'Mexico City Reforma night' / Commons;Licencia Pexels/Pixabay/Unsplash: uso comercial gratis sin atribución (no es dominio público). Personas solo de espaldas, en silueta o no identificables.;;
362;4;actualidad;COM;;Culiacán: vistas, calles, catedral, malecón, Palacio de Gobierno, noche — barrio al atardecer;https://commons.wikimedia.org/wiki/Category:Culiac%C3%A1n_Rosales;Licencia libre de Wikimedia Commons: revisar la página del archivo. CC0/PD: libre. CC BY o CC BY-SA: poner autor + licencia en la descripción del video.;;
363;5;actualidad;G-LABS;;Recreación: no existe material libre de este momento;G-Labs (usar el prompt de la escena);Imagen generada por IA;;
364;7;final;STK;sí;"buscar: ""small plane landing sunset""";pexels.com/videos / pixabay.com/videos;Licencia Pexels/Pixabay/Unsplash: uso comercial gratis sin atribución (no es dominio público). Personas solo de espaldas, en silueta o no identificables.;;
365;4;final;G-LABS;;Recreación: no existe material libre de este momento;G-Labs (usar el prompt de la escena);Imagen generada por IA;;
366;3;final;GOB;;Foto de Joaquín Guzmán López;https://www.ice.gov/most-wanted/captured/guzman-lopez-joaquin (y cartel de recompensa 2023 del Departamento de Estado);Dominio público (obra del gobierno federal de EE. UU.). Crédito recomendado, no obligatorio. NO usar si la página dice 'courtesy of' o cita a un tercero.;;
367;5;final;G-LABS;;Recreación: no existe material libre de este momento;G-Labs (usar el prompt de la escena);Imagen generada por IA;;
368;4;final;G-LABS;;Recreación: no existe material libre de este momento;G-Labs (usar el prompt de la escena);Imagen generada por IA;;
369;4;final;STK;;"buscar: ""chess fallen king""";pexels.com / pixabay.com / unsplash.com;Licencia Pexels/Pixabay/Unsplash: uso comercial gratis sin atribución (no es dominio público). Personas solo de espaldas, en silueta o no identificables.;;
370;4;final;G-LABS;;Recreación: no existe material libre de este momento;G-Labs (usar el prompt de la escena);Imagen generada por IA;;
371;6;final;STK;;"buscar: ""prison cell window light""";pexels.com / pixabay.com / unsplash.com;Licencia Pexels/Pixabay/Unsplash: uso comercial gratis sin atribución (no es dominio público). Personas solo de espaldas, en silueta o no identificables.;;
372;7;final;COM;;Panteón Jardines del Humaya / cruces y tumbas en Sinaloa — cruces;commons.wikimedia.org → 'Jardines del Humaya' / Pexels 'cemetery crosses Mexico';Licencia libre de Wikimedia Commons: revisar la página del archivo. CC0/PD: libre. CC BY o CC BY-SA: poner autor + licencia en la descripción del video.;;
373;3;final;COM;;Corte federal de Brooklyn (Theodore Roosevelt U.S. Courthouse) — atardecer;commons.wikimedia.org → 'Theodore Roosevelt United States Courthouse';Licencia libre de Wikimedia Commons: revisar la página del archivo. CC0/PD: libre. CC BY o CC BY-SA: poner autor + licencia en la descripción del video.;;
374;7;final;GOB;;Foto del Mayo del cartel de recompensa (Departamento de Estado / DEA);"state.gov → Narcotics Rewards Program → 'Ismael Zambada Garcia'; dea.gov (comunicados con cartel de búsqueda)";Dominio público (obra del gobierno federal de EE. UU.). Crédito recomendado, no obligatorio. NO usar si la página dice 'courtesy of' o cita a un tercero.;;
375;5;final;STK;;"buscar: ""bullet casing flower""";pexels.com / pixabay.com / unsplash.com;Licencia Pexels/Pixabay/Unsplash: uso comercial gratis sin atribución (no es dominio público). Personas solo de espaldas, en silueta o no identificables.;;
376;6;final;STK;sí;"buscar: ""man walking toward mountains silhouette""";pexels.com/videos / pixabay.com/videos;Licencia Pexels/Pixabay/Unsplash: uso comercial gratis sin atribución (no es dominio público). Personas solo de espaldas, en silueta o no identificables.;;
